Entity,Code,Year,"10.b.1 - Total assistance for development, by recipient countries (millions of current United States dollars) - DC_TRF_TOTL"
Afghanistan,AFG,2000,156980000
Afghanistan,AFG,2001,391650000
Afghanistan,AFG,2002,1223110000
Afghanistan,AFG,2003,1554170000
Afghanistan,AFG,2004,2304250000
Afghanistan,AFG,2005,2858370000
Afghanistan,AFG,2006,2940610000
Afghanistan,AFG,2007,4990220000
Afghanistan,AFG,2008,4871920000
Afghanistan,AFG,2009,6185660000
Afghanistan,AFG,2010,6285230000
Afghanistan,AFG,2011,6823000000
Afghanistan,AFG,2012,6684110000
Afghanistan,AFG,2013,5239070000
Afghanistan,AFG,2014,4950870000
Afghanistan,AFG,2015,4396070000
Afghanistan,AFG,2016,4162130000
Afghanistan,AFG,2017,3870770000
Afghanistan,AFG,2018,3793850000
Afghanistan,AFG,2019,4153740000
Afghanistan,AFG,2020,4207430000.0000005
Afghanistan,AFG,2021,4696300000
Algeria,DZA,2000,-401310000
Algeria,DZA,2001,67190000
Algeria,DZA,2002,-412750000
Algeria,DZA,2003,2345620000
Algeria,DZA,2004,-1360840000
Algeria,DZA,2005,-1390140000
Algeria,DZA,2006,-3694170000
Algeria,DZA,2007,2121750000
Algeria,DZA,2008,337460000
Algeria,DZA,2009,3013660000
Algeria,DZA,2010,1301370000
Algeria,DZA,2011,1634870000
Algeria,DZA,2012,-2543580000
Algeria,DZA,2013,1107860000
Algeria,DZA,2014,1302640000
Algeria,DZA,2015,1989460000
Algeria,DZA,2016,2380400000
Algeria,DZA,2017,2186920000
Algeria,DZA,2018,1277170000
Algeria,DZA,2019,-3530000
Algeria,DZA,2020,579200000
Algeria,DZA,2021,-537170000
Angola,AGO,2000,117510000
Angola,AGO,2001,848400000
Angola,AGO,2002,-344440000
Angola,AGO,2003,443050000
Angola,AGO,2004,1084910000
Angola,AGO,2005,1667990000
Angola,AGO,2006,777040000
Angola,AGO,2007,-290450000
Angola,AGO,2008,2983320000
Angola,AGO,2009,3582550000
Angola,AGO,2010,909970000
Angola,AGO,2011,3177540000
Angola,AGO,2012,257860000
Angola,AGO,2013,5642430000
Angola,AGO,2014,5360480000
Angola,AGO,2015,-1389940000
Angola,AGO,2016,4614270000
Angola,AGO,2017,476120000
Angola,AGO,2018,-652280000
Angola,AGO,2019,424190000
Angola,AGO,2020,-1160200000
Angola,AGO,2021,-406770000
Anguilla,AIA,2000,11260000
Anguilla,AIA,2001,9180000
Anguilla,AIA,2002,-630000
Anguilla,AIA,2003,22840000
Anguilla,AIA,2004,-27670000
Anguilla,AIA,2005,119520000
Anguilla,AIA,2006,5682870000
Anguilla,AIA,2007,1094150000
Anguilla,AIA,2008,148700000
Anguilla,AIA,2009,-61830000
Anguilla,AIA,2010,250530000
Anguilla,AIA,2011,-250170000
Anguilla,AIA,2012,389470000
Anguilla,AIA,2013,-141260000
Antigua and Barbuda,ATG,2000,429050000
Antigua and Barbuda,ATG,2001,-102080000
Antigua and Barbuda,ATG,2002,-158160000
Antigua and Barbuda,ATG,2003,-123910000
Antigua and Barbuda,ATG,2004,66230000.00000001
Antigua and Barbuda,ATG,2005,-121580000
Antigua and Barbuda,ATG,2006,-36750000
Antigua and Barbuda,ATG,2007,45470000
Antigua and Barbuda,ATG,2008,-74480000
Antigua and Barbuda,ATG,2009,-159480000
Antigua and Barbuda,ATG,2010,50030000
Antigua and Barbuda,ATG,2011,-9430000
Antigua and Barbuda,ATG,2012,-450000
Antigua and Barbuda,ATG,2013,22390000
Antigua and Barbuda,ATG,2014,66700000
Antigua and Barbuda,ATG,2015,88110000
Antigua and Barbuda,ATG,2016,-4840000
Antigua and Barbuda,ATG,2017,36790000
Antigua and Barbuda,ATG,2018,20190000
Antigua and Barbuda,ATG,2019,26400000
Antigua and Barbuda,ATG,2020,35260000
Antigua and Barbuda,ATG,2021,30290000
Argentina,ARG,2000,7973370000
Argentina,ARG,2001,228980000
Argentina,ARG,2002,-5714560000
Argentina,ARG,2003,-3836990000
Argentina,ARG,2004,-1724200000
Argentina,ARG,2005,-4982870000
Argentina,ARG,2006,4129760000
Argentina,ARG,2007,6138570000
Argentina,ARG,2008,4816140000
Argentina,ARG,2009,2102860000.0000002
Argentina,ARG,2010,-2776520000
Argentina,ARG,2011,4190310000.0000005
Argentina,ARG,2012,1574410000
Argentina,ARG,2013,3020490000
Argentina,ARG,2014,2833280000
Argentina,ARG,2015,7737800000
Argentina,ARG,2016,1579570000
Argentina,ARG,2017,9764180000
Argentina,ARG,2018,10587070000
Argentina,ARG,2019,4059850000
Argentina,ARG,2020,3102060000
Argentina,ARG,2021,1638520000
Armenia,ARM,2000,211390000
Armenia,ARM,2001,209560000
Armenia,ARM,2002,303140000
Armenia,ARM,2003,252230000
Armenia,ARM,2004,252330000
Armenia,ARM,2005,215700000
Armenia,ARM,2006,364230000
Armenia,ARM,2007,563130000
Armenia,ARM,2008,474680000
Armenia,ARM,2009,539870000
Armenia,ARM,2010,539170000
Armenia,ARM,2011,508950000
Armenia,ARM,2012,312990000
Armenia,ARM,2013,600000000
Armenia,ARM,2014,370850000
Armenia,ARM,2015,492920000
Armenia,ARM,2016,703090000
Armenia,ARM,2017,502670000
Armenia,ARM,2018,386580000
Armenia,ARM,2019,750050000
Armenia,ARM,2020,220690000
Armenia,ARM,2021,313470000
Azerbaijan,AZE,2000,673480000
Azerbaijan,AZE,2001,489130000
Azerbaijan,AZE,2002,687740000
Azerbaijan,AZE,2003,1515330000
Azerbaijan,AZE,2004,1821010000
Azerbaijan,AZE,2005,1518850000
Azerbaijan,AZE,2006,1796370000
Azerbaijan,AZE,2007,2616210000
Azerbaijan,AZE,2008,2281740000
Azerbaijan,AZE,2009,991900000
Azerbaijan,AZE,2010,1134530000
Azerbaijan,AZE,2011,1639150000
Azerbaijan,AZE,2012,1024400000.0000001
Azerbaijan,AZE,2013,1188740000
Azerbaijan,AZE,2014,718160000
Azerbaijan,AZE,2015,1282070000
Azerbaijan,AZE,2016,1597690000
Azerbaijan,AZE,2017,2007840000
Azerbaijan,AZE,2018,783490000
Azerbaijan,AZE,2019,945570000
Azerbaijan,AZE,2020,506020000
Azerbaijan,AZE,2021,-157830000
Bahrain,BHR,2000,1490870000
Bahrain,BHR,2001,2654720000
Bahrain,BHR,2002,159440000
Bahrain,BHR,2003,305320000
Bahrain,BHR,2004,829320000
Bangladesh,BGD,2000,1038710000
Bangladesh,BGD,2001,872880000
Bangladesh,BGD,2002,789150000
Bangladesh,BGD,2003,1179040000
Bangladesh,BGD,2004,1539890000
Bangladesh,BGD,2005,1624770000
Bangladesh,BGD,2006,1136200000
Bangladesh,BGD,2007,1520260000
Bangladesh,BGD,2008,2534270000
Bangladesh,BGD,2009,1943200000
Bangladesh,BGD,2010,1359890000
Bangladesh,BGD,2011,1957650000
Bangladesh,BGD,2012,3140920000
Bangladesh,BGD,2013,2716620000
Bangladesh,BGD,2014,2918350000
Bangladesh,BGD,2015,3166980000
Bangladesh,BGD,2016,3574110000
Bangladesh,BGD,2017,6344560000
Bangladesh,BGD,2018,4012770000
Bangladesh,BGD,2019,5922040000
Bangladesh,BGD,2020,6731100000
Bangladesh,BGD,2021,7395280000
Barbados,BRB,2000,277750000
Barbados,BRB,2001,32880000.000000004
Barbados,BRB,2002,1091010000
Barbados,BRB,2003,251670000
Barbados,BRB,2004,479920000
Barbados,BRB,2005,447400000
Barbados,BRB,2006,2256070000
Barbados,BRB,2007,944680000
Barbados,BRB,2008,1731100000
Barbados,BRB,2009,611320000
Barbados,BRB,2010,2311680000
Belarus,BLR,2005,141020000
Belarus,BLR,2006,365700000
Belarus,BLR,2007,634120000
Belarus,BLR,2008,1260220000
Belarus,BLR,2009,559870000
Belarus,BLR,2010,786540000
Belarus,BLR,2011,446500000
Belarus,BLR,2012,922220000
Belarus,BLR,2013,594540000
Belarus,BLR,2014,1094560000
Belarus,BLR,2015,642630000
Belarus,BLR,2016,-431640000
Belarus,BLR,2017,336960000
Belarus,BLR,2018,808270000
Belarus,BLR,2019,505880000
Belarus,BLR,2020,1196570000
Belarus,BLR,2021,-314730000
Belize,BLZ,2000,79040000
Belize,BLZ,2001,93890000
Belize,BLZ,2002,39380000
Belize,BLZ,2003,11520000
Belize,BLZ,2004,54760000
Belize,BLZ,2005,23180000
Belize,BLZ,2006,-92390000
Belize,BLZ,2007,209240000
Belize,BLZ,2008,-124410000
Belize,BLZ,2009,-14550000
Belize,BLZ,2010,21130000
Belize,BLZ,2011,21500000
Belize,BLZ,2012,-14720000
Belize,BLZ,2013,37290000
Belize,BLZ,2014,61640000
Belize,BLZ,2015,39050000
Belize,BLZ,2016,56380000
Belize,BLZ,2017,18410000
Belize,BLZ,2018,57030000
Belize,BLZ,2019,61490000
Belize,BLZ,2020,95000000
Belize,BLZ,2021,111040000
Benin,BEN,2000,232870000
Benin,BEN,2001,297790000
Benin,BEN,2002,240000000
Benin,BEN,2003,295190000
Benin,BEN,2004,387020000
Benin,BEN,2005,379850000
Benin,BEN,2006,414190000
Benin,BEN,2007,497440000
Benin,BEN,2008,647110000
Benin,BEN,2009,643130000
Benin,BEN,2010,689240000
Benin,BEN,2011,702590000
Benin,BEN,2012,587640000
Benin,BEN,2013,698090000
Benin,BEN,2014,669790000
Benin,BEN,2015,391090000
Benin,BEN,2016,494570000
Benin,BEN,2017,752570000
Benin,BEN,2018,1261340000
Benin,BEN,2019,350510000
Benin,BEN,2020,1217470000
Benin,BEN,2021,921340000
Bhutan,BTN,2000,37700000
Bhutan,BTN,2001,53690000
Bhutan,BTN,2002,82660000
Bhutan,BTN,2003,53540000
Bhutan,BTN,2004,71940000
Bhutan,BTN,2005,84560000
Bhutan,BTN,2006,91250000
Bhutan,BTN,2007,94330000
Bhutan,BTN,2008,83180000
Bhutan,BTN,2009,163570000
Bhutan,BTN,2010,139580000
Bhutan,BTN,2011,126010000
Bhutan,BTN,2012,272620000
Bhutan,BTN,2013,-31560000
Bhutan,BTN,2014,133130000
Bhutan,BTN,2015,94640000
Bhutan,BTN,2016,59540000
Bhutan,BTN,2017,120700000
Bhutan,BTN,2018,95310000
Bhutan,BTN,2019,185070000
Bhutan,BTN,2020,209260000
Bhutan,BTN,2021,130020000.00000001
Bolivia,BOL,2000,582240000
Bolivia,BOL,2001,809730000
Bolivia,BOL,2002,246740000
Bolivia,BOL,2003,798630000
Bolivia,BOL,2004,513470000
Bolivia,BOL,2005,561990000
Bolivia,BOL,2006,839930000
Bolivia,BOL,2007,559560000
Bolivia,BOL,2008,649970000
Bolivia,BOL,2009,655580000
Bolivia,BOL,2010,606070000
Bolivia,BOL,2011,550700000
Bolivia,BOL,2012,654910000
Bolivia,BOL,2013,876190000
Bolivia,BOL,2014,707160000
Bolivia,BOL,2015,1729490000
Bolivia,BOL,2016,397550000
Bolivia,BOL,2017,2519610000
Bolivia,BOL,2018,1388590000
Bolivia,BOL,2019,1599320000
Bolivia,BOL,2020,1301690000
Bolivia,BOL,2021,1174300000
Bosnia and Herzegovina,BIH,2000,946250000
Bosnia and Herzegovina,BIH,2001,713850000
Bosnia and Herzegovina,BIH,2002,709460000
Bosnia and Herzegovina,BIH,2003,644870000
Bosnia and Herzegovina,BIH,2004,956030000
Bosnia and Herzegovina,BIH,2005,731170000
Bosnia and Herzegovina,BIH,2006,1195740000
Bosnia and Herzegovina,BIH,2007,1280610000
Bosnia and Herzegovina,BIH,2008,1294880000
Bosnia and Herzegovina,BIH,2009,579800000
Bosnia and Herzegovina,BIH,2010,935880000
Bosnia and Herzegovina,BIH,2011,668270000
Bosnia and Herzegovina,BIH,2012,1090970000
Bosnia and Herzegovina,BIH,2013,985560000
Bosnia and Herzegovina,BIH,2014,551400000
Bosnia and Herzegovina,BIH,2015,950070000
Bosnia and Herzegovina,BIH,2016,655600000
Bosnia and Herzegovina,BIH,2017,1007580000
Bosnia and Herzegovina,BIH,2018,993000000
Bosnia and Herzegovina,BIH,2019,690810000
Bosnia and Herzegovina,BIH,2020,790130000
Bosnia and Herzegovina,BIH,2021,681570000
Botswana,BWA,2000,83320000
Botswana,BWA,2001,45480000
Botswana,BWA,2002,57930000
Botswana,BWA,2003,-20550000
Botswana,BWA,2004,42080000
Botswana,BWA,2005,81800000
Botswana,BWA,2006,93680000
Botswana,BWA,2007,125400000
Botswana,BWA,2008,642620000
Botswana,BWA,2009,1340900000
Botswana,BWA,2010,231130000
Botswana,BWA,2011,788310000
Botswana,BWA,2012,155410000
Botswana,BWA,2013,42710000
Botswana,BWA,2014,70870000
Botswana,BWA,2015,-53940000
Botswana,BWA,2016,-7160000
Botswana,BWA,2017,1230000
Botswana,BWA,2018,-83810000
Botswana,BWA,2019,-74810000
Botswana,BWA,2020,30700000
Botswana,BWA,2021,334330000
Brazil,BRA,2000,21162840000
Brazil,BRA,2001,14457220000
Brazil,BRA,2002,2521200000
Brazil,BRA,2003,-1022150000
Brazil,BRA,2004,267000000
Brazil,BRA,2005,21630120000
Brazil,BRA,2006,30109620000
Brazil,BRA,2007,47621820000
Brazil,BRA,2008,1891770000
Brazil,BRA,2009,19387210000
Brazil,BRA,2010,39775520000
Brazil,BRA,2011,37345730000
Brazil,BRA,2012,35526700000
Brazil,BRA,2013,35594480000
Brazil,BRA,2014,66638200000
Brazil,BRA,2015,38238020000
Brazil,BRA,2016,21764530000
Brazil,BRA,2017,17372880000
Brazil,BRA,2018,12262940000
Brazil,BRA,2019,11174380000
Brazil,BRA,2020,1612580000
Brazil,BRA,2021,18926450000
Burkina Faso,BFA,2000,187270000
Burkina Faso,BFA,2001,387230000
Burkina Faso,BFA,2002,454920000
Burkina Faso,BFA,2003,555680000
Burkina Faso,BFA,2004,680590000
Burkina Faso,BFA,2005,726400000
Burkina Faso,BFA,2006,1000360000
Burkina Faso,BFA,2007,891220000
Burkina Faso,BFA,2008,1034730000
Burkina Faso,BFA,2009,1075750000
Burkina Faso,BFA,2010,1072550000
Burkina Faso,BFA,2011,1031930000.0000001
Burkina Faso,BFA,2012,1189360000
Burkina Faso,BFA,2013,1027589999.9999999
Burkina Faso,BFA,2014,1206560000
Burkina Faso,BFA,2015,1010490000
Burkina Faso,BFA,2016,1405840000
Burkina Faso,BFA,2017,929060000
Burkina Faso,BFA,2018,1277310000
Burkina Faso,BFA,2019,1177920000
Burkina Faso,BFA,2020,1859860000
Burkina Faso,BFA,2021,1661250000
Burundi,BDI,2000,79030000
Burundi,BDI,2001,150410000
Burundi,BDI,2002,186160000
Burundi,BDI,2003,226410000
Burundi,BDI,2004,349870000
Burundi,BDI,2005,372870000
Burundi,BDI,2006,424960000
Burundi,BDI,2007,509980000
Burundi,BDI,2008,482670000
Burundi,BDI,2009,548840000
Burundi,BDI,2010,691100000
Burundi,BDI,2011,566120000
Burundi,BDI,2012,531770000
Burundi,BDI,2013,588970000
Burundi,BDI,2014,538890000
Burundi,BDI,2015,256670000.00000003
Burundi,BDI,2016,734200000
Burundi,BDI,2017,552790000
Burundi,BDI,2018,418130000
Burundi,BDI,2019,667320000
Burundi,BDI,2020,464040000
Burundi,BDI,2021,662350000
Cambodia,KHM,2000,353940000
Cambodia,KHM,2001,389900000
Cambodia,KHM,2002,127770000
Cambodia,KHM,2003,316690000
Cambodia,KHM,2004,245150000
Cambodia,KHM,2005,469970000
Cambodia,KHM,2006,667010000
Cambodia,KHM,2007,1319500000
Cambodia,KHM,2008,1086550000
Cambodia,KHM,2009,869440000
Cambodia,KHM,2010,932320000
Cambodia,KHM,2011,833530000
Cambodia,KHM,2012,1117320000
Cambodia,KHM,2013,1207140000
Cambodia,KHM,2014,1297540000
Cambodia,KHM,2015,1084110000
Cambodia,KHM,2016,1119630000
Cambodia,KHM,2017,1352820000
Cambodia,KHM,2018,1215500000
Cambodia,KHM,2019,1696890000
Cambodia,KHM,2020,2232740000
Cambodia,KHM,2021,1593530000
Cameroon,CMR,2000,218390000
Cameroon,CMR,2001,265529999.99999997
Cameroon,CMR,2002,1095870000
Cameroon,CMR,2003,613780000
Cameroon,CMR,2004,621480000
Cameroon,CMR,2005,242710000
Cameroon,CMR,2006,835270000
Cameroon,CMR,2007,642680000
Cameroon,CMR,2008,583530000
Cameroon,CMR,2009,750800000
Cameroon,CMR,2010,235170000
Cameroon,CMR,2011,654150000
Cameroon,CMR,2012,578760000
Cameroon,CMR,2013,356330000
Cameroon,CMR,2014,986110000
Cameroon,CMR,2015,1303160000
Cameroon,CMR,2016,371130000
Cameroon,CMR,2017,1706350000
Cameroon,CMR,2018,2142400000
Cameroon,CMR,2019,1566340000
Cameroon,CMR,2020,1859220000
Cameroon,CMR,2021,1588840000
Cape Verde,CPV,2000,119750000
Cape Verde,CPV,2001,130780000
Cape Verde,CPV,2002,161050000
Cape Verde,CPV,2003,187900000
Cape Verde,CPV,2004,209940000
Cape Verde,CPV,2005,261089999.99999997
Cape Verde,CPV,2006,193130000
Cape Verde,CPV,2007,111700000
Cape Verde,CPV,2008,218900000
Cape Verde,CPV,2009,194810000
Cape Verde,CPV,2010,260810000
Cape Verde,CPV,2011,291520000
Cape Verde,CPV,2012,-99190000
Cape Verde,CPV,2013,329440000
Cape Verde,CPV,2014,241430000
Cape Verde,CPV,2015,221990000
Cape Verde,CPV,2016,109850000
Cape Verde,CPV,2017,161680000
Cape Verde,CPV,2018,183830000
Cape Verde,CPV,2019,194290000
Cape Verde,CPV,2020,124550000
Cape Verde,CPV,2021,245010000
Central African Republic,CAF,2000,50830000
Central African Republic,CAF,2001,75500000
Central African Republic,CAF,2002,54530000
Central African Republic,CAF,2003,51830000
Central African Republic,CAF,2004,111430000
Central African Republic,CAF,2005,90070000
Central African Republic,CAF,2006,137320000
Central African Republic,CAF,2007,191000000
Central African Republic,CAF,2008,237410000
Central African Republic,CAF,2009,245800000
Central African Republic,CAF,2010,229380000
Central African Republic,CAF,2011,289180000
Central African Republic,CAF,2012,229670000
Central African Republic,CAF,2013,229790000
Central African Republic,CAF,2014,642530000
Central African Republic,CAF,2015,465750000
Central African Republic,CAF,2016,473860000
Central African Republic,CAF,2017,519490000
Central African Republic,CAF,2018,641680000
Central African Republic,CAF,2019,594700000
Central African Republic,CAF,2020,836180000
Central African Republic,CAF,2021,664900000
Chad,TCD,2000,-224810000
Chad,TCD,2001,202400000
Chad,TCD,2002,247480000
Chad,TCD,2003,303760000
Chad,TCD,2004,337700000
Chad,TCD,2005,389790000
Chad,TCD,2006,304720000
Chad,TCD,2007,422960000
Chad,TCD,2008,458850000
Chad,TCD,2009,571450000
Chad,TCD,2010,502440000
Chad,TCD,2011,473580000
Chad,TCD,2012,497540000
Chad,TCD,2013,598630000
Chad,TCD,2014,702030000
Chad,TCD,2015,615530000
Chad,TCD,2016,592380000
Chad,TCD,2017,911220000
Chad,TCD,2018,872530000
Chad,TCD,2019,655680000
Chad,TCD,2020,997850000
Chad,TCD,2021,820880000
Chile,CHL,2000,23260000
Chile,CHL,2001,3635730000
Chile,CHL,2002,-1952000000
Chile,CHL,2003,3282680000
Chile,CHL,2004,1550420000
Chile,CHL,2005,4431350000
Chile,CHL,2006,1546350000
Chile,CHL,2007,5020750000
Chile,CHL,2008,7632290000
Chile,CHL,2009,4684130000
Chile,CHL,2010,6131070000
Chile,CHL,2011,8379120000.000001
Chile,CHL,2012,11784650000
Chile,CHL,2013,7073440000
Chile,CHL,2014,6455240000
Chile,CHL,2015,2601860000
Chile,CHL,2016,783420000
Chile,CHL,2017,-9267510000
China,CHN,2000,889480000
China,CHN,2001,-1955180000
China,CHN,2002,-2338000000
China,CHN,2003,4643220000
China,CHN,2004,17908290000
China,CHN,2005,23346140000
China,CHN,2006,15722040000
China,CHN,2007,22399450000
China,CHN,2008,32838040000
China,CHN,2009,15672270000
China,CHN,2010,50168740000
China,CHN,2011,49988410000
China,CHN,2012,19280120000
China,CHN,2013,54010510000
China,CHN,2014,61097790000
China,CHN,2015,15014660000
China,CHN,2016,41493780000
China,CHN,2017,39004390000
China,CHN,2018,31230510000
China,CHN,2019,42415430000
China,CHN,2020,12252120000
China,CHN,2021,21533070000
Colombia,COL,2000,344620000
Colombia,COL,2001,615380000
Colombia,COL,2002,-2213970000
Colombia,COL,2003,1976700000
Colombia,COL,2004,1387570000
Colombia,COL,2005,1011050000
Colombia,COL,2006,6058320000
Colombia,COL,2007,7590260000
Colombia,COL,2008,5552750000
Colombia,COL,2009,5063530000
Colombia,COL,2010,2950060000
Colombia,COL,2011,3310650000
Colombia,COL,2012,6314440000
Colombia,COL,2013,5984330000
Colombia,COL,2014,5695970000
Colombia,COL,2015,5064830000
Colombia,COL,2016,1059730000
Colombia,COL,2017,4880520000
Colombia,COL,2018,10360910000
Colombia,COL,2019,5682550000
Colombia,COL,2020,5610530000
Colombia,COL,2021,4360840000
Comoros,COM,2000,-1360000
Comoros,COM,2001,15710000
Comoros,COM,2002,-110260000
Comoros,COM,2003,25630000
Comoros,COM,2004,25140000
Comoros,COM,2005,41390000
Comoros,COM,2006,32220000
Comoros,COM,2007,-40860000
Comoros,COM,2008,43470000
Comoros,COM,2009,44140000
Comoros,COM,2010,72880000
Comoros,COM,2011,56080000
Comoros,COM,2012,158210000
Comoros,COM,2013,72080000
Comoros,COM,2014,119950000
Comoros,COM,2015,54340000
Comoros,COM,2016,30150000
Comoros,COM,2017,68670000
Comoros,COM,2018,87440000
Comoros,COM,2019,73520000
Comoros,COM,2020,132180000
Comoros,COM,2021,162960000
Congo,COG,2000,87250000
Congo,COG,2001,-221020000
Congo,COG,2002,-124970000
Congo,COG,2003,516179999.99999994
Congo,COG,2004,231250000
Congo,COG,2005,1301400000
Congo,COG,2006,608900000
Congo,COG,2007,800870000
Congo,COG,2008,387990000
Congo,COG,2009,314660000
Congo,COG,2010,561370000
Congo,COG,2011,-859470000
Congo,COG,2012,530970000
Congo,COG,2013,785930000
Congo,COG,2014,464120000
Congo,COG,2015,2411050000
Congo,COG,2016,3249110000
Congo,COG,2017,904490000
Congo,COG,2018,433520000
Congo,COG,2019,-442640000
Congo,COG,2020,-552210000
Congo,COG,2021,-705950000
Cook Islands,COK,2000,-27360000
Cook Islands,COK,2001,4320000
Cook Islands,COK,2002,1850000
Cook Islands,COK,2003,-17030000
Cook Islands,COK,2004,2940000
Cook Islands,COK,2005,-22570000
Cook Islands,COK,2006,26920000
Cook Islands,COK,2007,10470000
Cook Islands,COK,2008,4540000
Cook Islands,COK,2009,4890000
Cook Islands,COK,2010,22990000
Cook Islands,COK,2011,38140000
Cook Islands,COK,2012,27580000
Cook Islands,COK,2013,23320000
Cook Islands,COK,2014,24660000
Cook Islands,COK,2015,22790000
Cook Islands,COK,2016,15060000
Cook Islands,COK,2017,20720000
Cook Islands,COK,2018,16649999.999999998
Cook Islands,COK,2019,30670000
Costa Rica,CRI,2000,352100000
Costa Rica,CRI,2001,64019999.99999999
Costa Rica,CRI,2002,78830000
Costa Rica,CRI,2003,160740000
Costa Rica,CRI,2004,190640000
Costa Rica,CRI,2005,657460000
Costa Rica,CRI,2006,1334990000
Costa Rica,CRI,2007,772780000
Costa Rica,CRI,2008,817330000
Costa Rica,CRI,2009,-87420000
Costa Rica,CRI,2010,303660000
Costa Rica,CRI,2011,404460000
Costa Rica,CRI,2012,543220000
Costa Rica,CRI,2013,419180000
Costa Rica,CRI,2014,391760000
Costa Rica,CRI,2015,794270000
Costa Rica,CRI,2016,688790000
Costa Rica,CRI,2017,764000000
Costa Rica,CRI,2018,780180000
Costa Rica,CRI,2019,673110000
Costa Rica,CRI,2020,-86060000
Costa Rica,CRI,2021,-257510000
Cote d'Ivoire,CIV,2000,715600000
Cote d'Ivoire,CIV,2001,-79550000
Cote d'Ivoire,CIV,2002,881110000
Cote d'Ivoire,CIV,2003,255110000
Cote d'Ivoire,CIV,2004,-19030000
Cote d'Ivoire,CIV,2005,190840000
Cote d'Ivoire,CIV,2006,562800000
Cote d'Ivoire,CIV,2007,189330000
Cote d'Ivoire,CIV,2008,201100000
Cote d'Ivoire,CIV,2009,-197020000
Cote d'Ivoire,CIV,2010,697290000
Cote d'Ivoire,CIV,2011,1972330000
Cote d'Ivoire,CIV,2012,1381140000
Cote d'Ivoire,CIV,2013,2710000
Cote d'Ivoire,CIV,2014,1107800000
Cote d'Ivoire,CIV,2015,1730250000
Cote d'Ivoire,CIV,2016,823140000
Cote d'Ivoire,CIV,2017,1945030000
Cote d'Ivoire,CIV,2018,1559170000
Cote d'Ivoire,CIV,2019,1756580000
Cote d'Ivoire,CIV,2020,2104500000
Cote d'Ivoire,CIV,2021,3010080000
Croatia,HRV,2000,1298380000
Croatia,HRV,2001,1258950000
Croatia,HRV,2002,1543310000
Croatia,HRV,2003,2174260000
Croatia,HRV,2004,1228430000
Croatia,HRV,2005,847160000
Croatia,HRV,2006,2713690000
Croatia,HRV,2007,9352880000
Croatia,HRV,2008,2312660000
Croatia,HRV,2009,3486510000
Croatia,HRV,2010,1294040000
Cuba,CUB,2000,70920000
Cuba,CUB,2001,46410000
Cuba,CUB,2002,30600000
Cuba,CUB,2003,100940000
Cuba,CUB,2004,51990000
Cuba,CUB,2005,204670000
Cuba,CUB,2006,108810000
Cuba,CUB,2007,112990000
Cuba,CUB,2008,-193330000
Cuba,CUB,2009,22260000
Cuba,CUB,2010,240480000
Cuba,CUB,2011,-86700000
Cuba,CUB,2012,-72720000
Cuba,CUB,2013,13000000
Cuba,CUB,2014,197530000
Cuba,CUB,2015,458770000
Cuba,CUB,2016,2825100000
Cuba,CUB,2017,849970000
Cuba,CUB,2018,715320000
Cuba,CUB,2019,495890000
Cuba,CUB,2020,428840000
Cuba,CUB,2021,152750000
Democratic Republic of Congo,COD,2000,193090000
Democratic Republic of Congo,COD,2001,271630000
Democratic Republic of Congo,COD,2002,1013120000
Democratic Republic of Congo,COD,2003,4703610000
Democratic Republic of Congo,COD,2004,1787550000
Democratic Republic of Congo,COD,2005,1655910000
Democratic Republic of Congo,COD,2006,1234600000
Democratic Republic of Congo,COD,2007,1154300000
Democratic Republic of Congo,COD,2008,1616670000
Democratic Republic of Congo,COD,2009,2169740000
Democratic Republic of Congo,COD,2010,2980260000
Democratic Republic of Congo,COD,2011,3378940000
Democratic Republic of Congo,COD,2012,4269830000
Democratic Republic of Congo,COD,2013,206330000
Democratic Republic of Congo,COD,2014,2047810000
Democratic Republic of Congo,COD,2015,2770100000
Democratic Republic of Congo,COD,2016,1849340000
Democratic Republic of Congo,COD,2017,2188240000
Democratic Republic of Congo,COD,2018,838780000
Democratic Republic of Congo,COD,2019,3255840000
Democratic Republic of Congo,COD,2020,3482370000
Democratic Republic of Congo,COD,2021,3757390000
Djibouti,DJI,2000,92270000
Djibouti,DJI,2001,72460000
Djibouti,DJI,2002,90720000
Djibouti,DJI,2003,99670000
Djibouti,DJI,2004,74150000
Djibouti,DJI,2005,95860000
Djibouti,DJI,2006,182700000
Djibouti,DJI,2007,131419999.99999999
Djibouti,DJI,2008,172660000
Djibouti,DJI,2009,328280000
Djibouti,DJI,2010,110270000
Djibouti,DJI,2011,187570000
Djibouti,DJI,2012,112480000
Djibouti,DJI,2013,120570000
Djibouti,DJI,2014,161760000
Djibouti,DJI,2015,80190000
Djibouti,DJI,2016,164430000
Djibouti,DJI,2017,87460000
Djibouti,DJI,2018,171600000
Djibouti,DJI,2019,303510000
Djibouti,DJI,2020,265370000
Djibouti,DJI,2021,186010000
Dominica,DMA,2000,10730000
Dominica,DMA,2001,-42520000
Dominica,DMA,2002,55610000
Dominica,DMA,2003,6250000
Dominica,DMA,2004,44200000
Dominica,DMA,2005,6750000
Dominica,DMA,2006,349000000
Dominica,DMA,2007,38470000
Dominica,DMA,2008,230000
Dominica,DMA,2009,35100000
Dominica,DMA,2010,28300000
Dominica,DMA,2011,26690000
Dominica,DMA,2012,37520000
Dominica,DMA,2013,27250000
Dominica,DMA,2014,162680000
Dominica,DMA,2015,10170000
Dominica,DMA,2016,-4099999.9999999995
Dominica,DMA,2017,18870000
Dominica,DMA,2018,232860000
Dominica,DMA,2019,43170000
Dominica,DMA,2020,66370000.00000001
Dominica,DMA,2021,-35140000
Dominican Republic,DOM,2000,340850000
Dominican Republic,DOM,2001,475180000
Dominican Republic,DOM,2002,688260000
Dominican Republic,DOM,2003,202350000
Dominican Republic,DOM,2004,792590000
Dominican Republic,DOM,2005,189100000
Dominican Republic,DOM,2006,1287250000
Dominican Republic,DOM,2007,427730000
Dominican Republic,DOM,2008,349160000
Dominican Republic,DOM,2009,427580000
Dominican Republic,DOM,2010,1653580000
Dominican Republic,DOM,2011,1581740000
Dominican Republic,DOM,2012,717510000
Dominican Republic,DOM,2013,970620000
Dominican Republic,DOM,2014,94190000
Dominican Republic,DOM,2015,1653820000
Dominican Republic,DOM,2016,1721730000
Dominican Republic,DOM,2017,1219810000
Dominican Republic,DOM,2018,651610000
Dominican Republic,DOM,2019,1770330000
Dominican Republic,DOM,2020,1159260000
Dominican Republic,DOM,2021,581780000
East Timor,TLS,2000,649090000
East Timor,TLS,2001,247980000
East Timor,TLS,2002,396390000
East Timor,TLS,2003,366450000
East Timor,TLS,2004,536720000
East Timor,TLS,2005,185740000
East Timor,TLS,2006,146080000
East Timor,TLS,2007,281050000
East Timor,TLS,2008,274950000
East Timor,TLS,2009,215910000
East Timor,TLS,2010,291730000
East Timor,TLS,2011,263220000.00000003
East Timor,TLS,2012,288170000
East Timor,TLS,2013,289670000
East Timor,TLS,2014,261860000
East Timor,TLS,2015,237560000
East Timor,TLS,2016,206590000
East Timor,TLS,2017,258990000
East Timor,TLS,2018,237800000
East Timor,TLS,2019,276490000
East Timor,TLS,2020,258300000
East Timor,TLS,2021,299260000
Ecuador,ECU,2000,440850000
Ecuador,ECU,2001,271460000
Ecuador,ECU,2002,818880000
Ecuador,ECU,2003,607010000
Ecuador,ECU,2004,-859110000
Ecuador,ECU,2005,891960000
Ecuador,ECU,2006,397490000
Ecuador,ECU,2007,846870000
Ecuador,ECU,2008,374410000
Ecuador,ECU,2009,265000000
Ecuador,ECU,2010,249980000
Ecuador,ECU,2011,665150000
Ecuador,ECU,2012,661220000
Ecuador,ECU,2013,864570000
Ecuador,ECU,2014,1362280000
Ecuador,ECU,2015,2481610000
Ecuador,ECU,2016,1432810000
Ecuador,ECU,2017,2246440000
Ecuador,ECU,2018,2407730000
Ecuador,ECU,2019,3571070000
Ecuador,ECU,2020,3040160000
Ecuador,ECU,2021,2405030000
Egypt,EGY,2000,3266150000
Egypt,EGY,2001,3230330000
Egypt,EGY,2002,2028750000
Egypt,EGY,2003,2276070000
Egypt,EGY,2004,4231069999.9999995
Egypt,EGY,2005,4755690000
Egypt,EGY,2006,5400750000
Egypt,EGY,2007,8148910000
Egypt,EGY,2008,17273030000
Egypt,EGY,2009,5967710000
Egypt,EGY,2010,6697980000
Egypt,EGY,2011,4102850000.0000005
Egypt,EGY,2012,5716180000
Egypt,EGY,2013,8361570000
Egypt,EGY,2014,7550980000
Egypt,EGY,2015,12528250000
Egypt,EGY,2016,9678410000
Egypt,EGY,2017,5076090000
Egypt,EGY,2018,8677970000
Egypt,EGY,2019,5597060000
Egypt,EGY,2020,6645990000
Egypt,EGY,2021,11552860000
El Salvador,SLV,2000,473920000
El Salvador,SLV,2001,449920000
El Salvador,SLV,2002,587100000
El Salvador,SLV,2003,364260000
El Salvador,SLV,2004,285350000
El Salvador,SLV,2005,481640000
El Salvador,SLV,2006,1141710000
El Salvador,SLV,2007,1653800000
El Salvador,SLV,2008,2186130000
El Salvador,SLV,2009,957430000
El Salvador,SLV,2010,820530000
El Salvador,SLV,2011,651030000
El Salvador,SLV,2012,466920000
El Salvador,SLV,2013,1418060000
El Salvador,SLV,2014,209820000
El Salvador,SLV,2015,-53070000
El Salvador,SLV,2016,262260000
El Salvador,SLV,2017,207900000
El Salvador,SLV,2018,757240000
El Salvador,SLV,2019,1180720000
El Salvador,SLV,2020,696860000
El Salvador,SLV,2021,1169300000
Equatorial Guinea,GNQ,2000,21890000
Equatorial Guinea,GNQ,2001,25000000
Equatorial Guinea,GNQ,2002,-414610000
Equatorial Guinea,GNQ,2003,844710000
Equatorial Guinea,GNQ,2004,847150000
Equatorial Guinea,GNQ,2005,471260000
Equatorial Guinea,GNQ,2006,1131150000
Equatorial Guinea,GNQ,2007,-207220000
Equatorial Guinea,GNQ,2008,-983940000
Equatorial Guinea,GNQ,2009,428600000
Equatorial Guinea,GNQ,2010,91110000
Equatorial Guinea,GNQ,2011,-76250000
Equatorial Guinea,GNQ,2012,22150000
Equatorial Guinea,GNQ,2013,184100000
Equatorial Guinea,GNQ,2014,180390000
Equatorial Guinea,GNQ,2015,-110510000
Equatorial Guinea,GNQ,2016,-133949999.99999999
Equatorial Guinea,GNQ,2017,167570000
Equatorial Guinea,GNQ,2018,237370000
Equatorial Guinea,GNQ,2019,50290000
Equatorial Guinea,GNQ,2020,-452390000
Equatorial Guinea,GNQ,2021,872650000
Eritrea,ERI,2000,185620000
Eritrea,ERI,2001,285110000
Eritrea,ERI,2002,212720000
Eritrea,ERI,2003,303080000
Eritrea,ERI,2004,255890000
Eritrea,ERI,2005,348670000
Eritrea,ERI,2006,133100000
Eritrea,ERI,2007,160380000
Eritrea,ERI,2008,139150000
Eritrea,ERI,2009,146610000
Eritrea,ERI,2010,160900000
Eritrea,ERI,2011,129199999.99999999
Eritrea,ERI,2012,138270000
Eritrea,ERI,2013,81260000
Eritrea,ERI,2014,89780000
Eritrea,ERI,2015,87220000
Eritrea,ERI,2016,71580000
Eritrea,ERI,2017,80170000
Eritrea,ERI,2018,82890000
Eritrea,ERI,2019,264709999.99999997
Eritrea,ERI,2020,62100000
Eritrea,ERI,2021,43910000
Eswatini,SWZ,2000,35450000
Eswatini,SWZ,2001,35340000
Eswatini,SWZ,2002,26870000
Eswatini,SWZ,2003,41880000
Eswatini,SWZ,2004,55180000
Eswatini,SWZ,2005,50970000
Eswatini,SWZ,2006,37860000
Eswatini,SWZ,2007,54590000
Eswatini,SWZ,2008,51350000
Eswatini,SWZ,2009,37460000
Eswatini,SWZ,2010,64360000
Eswatini,SWZ,2011,96050000
Eswatini,SWZ,2012,83430000
Eswatini,SWZ,2013,125530000
Eswatini,SWZ,2014,69790000
Eswatini,SWZ,2015,126410000
Eswatini,SWZ,2016,157470000
Eswatini,SWZ,2017,158640000
Eswatini,SWZ,2018,123560000
Eswatini,SWZ,2019,108000000
Eswatini,SWZ,2020,128940000
Eswatini,SWZ,2021,64819999.99999999
Ethiopia,ETH,2000,681710000
Ethiopia,ETH,2001,1048569999.9999999
Ethiopia,ETH,2002,1089330000
Ethiopia,ETH,2003,1642010000
Ethiopia,ETH,2004,1674040000
Ethiopia,ETH,2005,1920230000
Ethiopia,ETH,2006,2017910000
Ethiopia,ETH,2007,2519760000
Ethiopia,ETH,2008,3178790000
Ethiopia,ETH,2009,4069690000
Ethiopia,ETH,2010,3709960000
Ethiopia,ETH,2011,3512690000
Ethiopia,ETH,2012,3324870000
Ethiopia,ETH,2013,3864380000
Ethiopia,ETH,2014,3874430000
Ethiopia,ETH,2015,4096660000
Ethiopia,ETH,2016,4945310000
Ethiopia,ETH,2017,5262080000
Ethiopia,ETH,2018,5406980000
Ethiopia,ETH,2019,4793060000
Ethiopia,ETH,2020,5466300000
Ethiopia,ETH,2021,3861390000
Fiji,FJI,2000,23980000
Fiji,FJI,2001,4510000
Fiji,FJI,2002,41010000
Fiji,FJI,2003,47520000
Fiji,FJI,2004,97210000
Fiji,FJI,2005,118260000
Fiji,FJI,2006,-1990000
Fiji,FJI,2007,37710000
Fiji,FJI,2008,149350000
Fiji,FJI,2009,73130000
Fiji,FJI,2010,87180000
Fiji,FJI,2011,148430000
Fiji,FJI,2012,288660000
Fiji,FJI,2013,166370000
Fiji,FJI,2014,209610000
Fiji,FJI,2015,129720000
Fiji,FJI,2016,143210000
Fiji,FJI,2017,239260000
Fiji,FJI,2018,188230000
Fiji,FJI,2019,148880000
Fiji,FJI,2020,524570000.00000006
Fiji,FJI,2021,794470000
Gabon,GAB,2000,76530000
Gabon,GAB,2001,45900000
Gabon,GAB,2002,-165500000
Gabon,GAB,2003,158710000
Gabon,GAB,2004,398840000
Gabon,GAB,2005,-78360000
Gabon,GAB,2006,168580000
Gabon,GAB,2007,582550000
Gabon,GAB,2008,-364690000
Gabon,GAB,2009,-283260000
Gabon,GAB,2010,503640000
Gabon,GAB,2011,525740000
Gabon,GAB,2012,381050000
Gabon,GAB,2013,1312760000
Gabon,GAB,2014,675140000
Gabon,GAB,2015,-787020000
Gabon,GAB,2016,-201930000
Gabon,GAB,2017,59830000
Gabon,GAB,2018,47520000
Gabon,GAB,2019,317580000
Gabon,GAB,2020,497350000
Gabon,GAB,2021,-162480000
Gambia,GMB,2000,45300000
Gambia,GMB,2001,44360000
Gambia,GMB,2002,50570000
Gambia,GMB,2003,68580000
Gambia,GMB,2004,65830000
Gambia,GMB,2005,67380000
Gambia,GMB,2006,82990000
Gambia,GMB,2007,113120000
Gambia,GMB,2008,95910000
Gambia,GMB,2009,145440000
Gambia,GMB,2010,125400000
Gambia,GMB,2011,147390000
Gambia,GMB,2012,113150000
Gambia,GMB,2013,146580000
Gambia,GMB,2014,110000000
Gambia,GMB,2015,122260000
Gambia,GMB,2016,85720000
Gambia,GMB,2017,335160000
Gambia,GMB,2018,240950000
Gambia,GMB,2019,279910000
Gambia,GMB,2020,299070000
Gambia,GMB,2021,269430000
Georgia,GEO,2000,258089999.99999997
Georgia,GEO,2001,297820000
Georgia,GEO,2002,580120000
Georgia,GEO,2003,846770000
Georgia,GEO,2004,358390000
Georgia,GEO,2005,347420000
Georgia,GEO,2006,765400000
Georgia,GEO,2007,582130000
Georgia,GEO,2008,1378140000
Georgia,GEO,2009,1180390000
Georgia,GEO,2010,860870000
Georgia,GEO,2011,1022070000
Georgia,GEO,2012,987320000
Georgia,GEO,2013,697540000
Georgia,GEO,2014,507800000
Georgia,GEO,2015,967110000
Georgia,GEO,2016,1139430000
Georgia,GEO,2017,1070470000
Georgia,GEO,2018,1142000000
Georgia,GEO,2019,1127860000
Georgia,GEO,2020,2482380000
Georgia,GEO,2021,1895320000
Ghana,GHA,2000,520929999.99999994
Ghana,GHA,2001,604770000
Ghana,GHA,2002,642860000
Ghana,GHA,2003,1273810000
Ghana,GHA,2004,2053409999.9999998
Ghana,GHA,2005,2092530000.0000002
Ghana,GHA,2006,1815610000
Ghana,GHA,2007,1808520000
Ghana,GHA,2008,1659460000
Ghana,GHA,2009,2278490000
Ghana,GHA,2010,2487220000
Ghana,GHA,2011,2705150000
Ghana,GHA,2012,2491230000
Ghana,GHA,2013,3357750000
Ghana,GHA,2014,2968940000
Ghana,GHA,2015,2976740000
Ghana,GHA,2016,2935530000
Ghana,GHA,2017,1832510000
Ghana,GHA,2018,1441690000
Ghana,GHA,2019,1129350000
Ghana,GHA,2020,2980540000
Ghana,GHA,2021,1307820000
Grenada,GRD,2000,29330000
Grenada,GRD,2001,19950000
Grenada,GRD,2002,12140000
Grenada,GRD,2003,33229999.999999996
Grenada,GRD,2004,27470000
Grenada,GRD,2005,95370000
Grenada,GRD,2006,34900000
Grenada,GRD,2007,26910000
Grenada,GRD,2008,10160000
Grenada,GRD,2009,43840000
Grenada,GRD,2010,29520000
Grenada,GRD,2011,4630000
Grenada,GRD,2012,-87790000
Grenada,GRD,2013,13670000
Grenada,GRD,2014,51710000
Grenada,GRD,2015,41240000
Grenada,GRD,2016,12710000
Grenada,GRD,2017,11170000
Grenada,GRD,2018,36850000
Grenada,GRD,2019,17590000
Grenada,GRD,2020,73940000
Grenada,GRD,2021,63490000
Guatemala,GTM,2000,394040000
Guatemala,GTM,2001,-75390000
Guatemala,GTM,2002,301040000
Guatemala,GTM,2003,200890000
Guatemala,GTM,2004,271530000
Guatemala,GTM,2005,501150000
Guatemala,GTM,2006,1392740000
Guatemala,GTM,2007,1122840000
Guatemala,GTM,2008,1038530000
Guatemala,GTM,2009,913890000
Guatemala,GTM,2010,1344040000
Guatemala,GTM,2011,309570000
Guatemala,GTM,2012,564180000
Guatemala,GTM,2013,1059690000
Guatemala,GTM,2014,326490000
Guatemala,GTM,2015,1323610000
Guatemala,GTM,2016,552180000
Guatemala,GTM,2017,625360000
Guatemala,GTM,2018,643440000
Guatemala,GTM,2019,418740000
Guatemala,GTM,2020,1020920000
Guatemala,GTM,2021,3577070000
Guinea,GIN,2000,329850000
Guinea,GIN,2001,228700000
Guinea,GIN,2002,227870000
Guinea,GIN,2003,232440000
Guinea,GIN,2004,225760000
Guinea,GIN,2005,155560000
Guinea,GIN,2006,180730000
Guinea,GIN,2007,265480000.00000003
Guinea,GIN,2008,249330000
Guinea,GIN,2009,190720000
Guinea,GIN,2010,205920000
Guinea,GIN,2011,178280000
Guinea,GIN,2012,648580000
Guinea,GIN,2013,385850000
Guinea,GIN,2014,605250000
Guinea,GIN,2015,581260000
Guinea,GIN,2016,519919999.99999994
Guinea,GIN,2017,580140000
Guinea,GIN,2018,793100000
Guinea,GIN,2019,880940000
Guinea,GIN,2020,842230000
Guinea,GIN,2021,654960000
Guinea-Bissau,GNB,2000,84940000
Guinea-Bissau,GNB,2001,58960000
Guinea-Bissau,GNB,2002,60310000
Guinea-Bissau,GNB,2003,92790000
Guinea-Bissau,GNB,2004,76680000
Guinea-Bissau,GNB,2005,65030000
Guinea-Bissau,GNB,2006,81430000
Guinea-Bissau,GNB,2007,105310000
Guinea-Bissau,GNB,2008,120180000
Guinea-Bissau,GNB,2009,137780000
Guinea-Bissau,GNB,2010,135170000
Guinea-Bissau,GNB,2011,111480000
Guinea-Bissau,GNB,2012,51500000
Guinea-Bissau,GNB,2013,103000000
Guinea-Bissau,GNB,2014,108480000
Guinea-Bissau,GNB,2015,99860000
Guinea-Bissau,GNB,2016,114610000
Guinea-Bissau,GNB,2017,121130000
Guinea-Bissau,GNB,2018,145090000
Guinea-Bissau,GNB,2019,163680000
Guinea-Bissau,GNB,2020,151860000
Guinea-Bissau,GNB,2021,175950000
Guyana,GUY,2000,4030000.0000000005
Guyana,GUY,2001,62470000
Guyana,GUY,2002,55170000
Guyana,GUY,2003,51240000
Guyana,GUY,2004,236030000
Guyana,GUY,2005,434820000
Guyana,GUY,2006,-67150000
Guyana,GUY,2007,62280000
Guyana,GUY,2008,167090000
Guyana,GUY,2009,79860000
Guyana,GUY,2010,109200000
Guyana,GUY,2011,122600000
Guyana,GUY,2012,384370000
Guyana,GUY,2013,116020000
Guyana,GUY,2014,166120000
Guyana,GUY,2015,26450000
Guyana,GUY,2016,47420000
Guyana,GUY,2017,61830000
Guyana,GUY,2018,108060000
Guyana,GUY,2019,1491110000
Guyana,GUY,2020,-2058659999.9999998
Guyana,GUY,2021,115350000
Haiti,HTI,2000,149570000
Haiti,HTI,2001,165320000
Haiti,HTI,2002,166380000
Haiti,HTI,2003,188780000
Haiti,HTI,2004,280010000
Haiti,HTI,2005,372690000
Haiti,HTI,2006,680700000
Haiti,HTI,2007,563070000
Haiti,HTI,2008,848390000
Haiti,HTI,2009,961860000
Haiti,HTI,2010,2819270000
Haiti,HTI,2011,1530390000
Haiti,HTI,2012,1310970000
Haiti,HTI,2013,1141350000
Haiti,HTI,2014,1057430000.0000001
Haiti,HTI,2015,1050420000.0000001
Haiti,HTI,2016,1019930000
Haiti,HTI,2017,988410000
Haiti,HTI,2018,1009380000
Haiti,HTI,2019,730060000
Haiti,HTI,2020,910940000
Haiti,HTI,2021,915980000
Honduras,HND,2000,463780000
Honduras,HND,2001,312920000
Honduras,HND,2002,368040000
Honduras,HND,2003,402080000
Honduras,HND,2004,666510000
Honduras,HND,2005,509610000
Honduras,HND,2006,806650000
Honduras,HND,2007,378400000
Honduras,HND,2008,640110000
Honduras,HND,2009,475700000
Honduras,HND,2010,674310000
Honduras,HND,2011,433750000
Honduras,HND,2012,474790000
Honduras,HND,2013,1035730000
Honduras,HND,2014,736590000
Honduras,HND,2015,1126250000
Honduras,HND,2016,700450000
Honduras,HND,2017,491850000
Honduras,HND,2018,-412280000
Honduras,HND,2019,1003730000
Honduras,HND,2020,953330000
Honduras,HND,2021,1274210000
India,IND,2000,2286010000
India,IND,2001,1927220000
India,IND,2002,2159120000
India,IND,2003,-227410000
India,IND,2004,4305850000
India,IND,2005,8746050000
India,IND,2006,13568160000
India,IND,2007,27991100000
India,IND,2008,21218730000
India,IND,2009,19753280000
India,IND,2010,28774390000
India,IND,2011,20063630000
India,IND,2012,20119580000
India,IND,2013,11759530000
India,IND,2014,17676400000
India,IND,2015,9790160000
India,IND,2016,19426940000
India,IND,2017,23349350000
India,IND,2018,18092990000
India,IND,2019,23999400000
India,IND,2020,10971810000
India,IND,2021,19463450000
Indonesia,IDN,2000,2351690000
Indonesia,IDN,2001,94540000
Indonesia,IDN,2002,4690000
Indonesia,IDN,2003,3893320000
Indonesia,IDN,2004,-129710000.00000001
Indonesia,IDN,2005,7944610000
Indonesia,IDN,2006,3533360000
Indonesia,IDN,2007,1532550000
Indonesia,IDN,2008,3275040000
Indonesia,IDN,2009,5287130000
Indonesia,IDN,2010,6455980000
Indonesia,IDN,2011,10893240000
Indonesia,IDN,2012,8115820000
Indonesia,IDN,2013,7480840000
Indonesia,IDN,2014,11245080000
Indonesia,IDN,2015,13102420000
Indonesia,IDN,2016,13953280000
Indonesia,IDN,2017,14468340000
Indonesia,IDN,2018,11185740000
Indonesia,IDN,2019,14954490000
Indonesia,IDN,2020,6435260000
Indonesia,IDN,2021,9128510000
Iran,IRN,2000,16930000
Iran,IRN,2001,1642230000
Iran,IRN,2002,3108380000
Iran,IRN,2003,4217569999.9999995
Iran,IRN,2004,4289229999.9999995
Iran,IRN,2005,5685150000
Iran,IRN,2006,2206460000
Iran,IRN,2007,-879510000
Iran,IRN,2008,-1412600000
Iran,IRN,2009,-1153520000
Iran,IRN,2010,-1258190000
Iran,IRN,2011,-4263200000
Iran,IRN,2012,-1884140000
Iran,IRN,2013,-1178160000
Iran,IRN,2014,1876080000
Iran,IRN,2015,-542570000
Iran,IRN,2016,273270000
Iran,IRN,2017,-570890000
Iran,IRN,2018,197450000
Iran,IRN,2019,-227010000
Iran,IRN,2020,856080000
Iran,IRN,2021,457670000
Iraq,IRQ,2000,108520000
Iraq,IRQ,2001,137390000
Iraq,IRQ,2002,82310000
Iraq,IRQ,2003,2232130000
Iraq,IRQ,2004,4703050000
Iraq,IRQ,2005,20697630000
Iraq,IRQ,2006,7298930000
Iraq,IRQ,2007,5177570000
Iraq,IRQ,2008,5065340000
Iraq,IRQ,2009,2953710000
Iraq,IRQ,2010,2492850000
Iraq,IRQ,2011,2567780000
Iraq,IRQ,2012,2259490000
Iraq,IRQ,2013,1960190000
Iraq,IRQ,2014,5895840000
Iraq,IRQ,2015,4134189999.9999995
Iraq,IRQ,2016,4337990000
Iraq,IRQ,2017,2620290000
Iraq,IRQ,2018,3466850000
Iraq,IRQ,2019,920150000
Iraq,IRQ,2020,2839840000
Iraq,IRQ,2021,2082260000.0000002
Jamaica,JAM,2000,333440000
Jamaica,JAM,2001,206800000
Jamaica,JAM,2002,81000000
Jamaica,JAM,2003,88060000
Jamaica,JAM,2004,304850000
Jamaica,JAM,2005,-1727240000
Jamaica,JAM,2006,246700000
Jamaica,JAM,2007,-53060000
Jamaica,JAM,2008,237030000
Jamaica,JAM,2009,-62740000
Jamaica,JAM,2010,989400000
Jamaica,JAM,2011,590760000
Jamaica,JAM,2012,270550000
Jamaica,JAM,2013,73500000
Jamaica,JAM,2014,-64870000.00000001
Jamaica,JAM,2015,271060000
Jamaica,JAM,2016,-668280000
Jamaica,JAM,2017,205060000
Jamaica,JAM,2018,130710000.00000001
Jamaica,JAM,2019,215540000
Jamaica,JAM,2020,149920000
Jamaica,JAM,2021,56270000
Jordan,JOR,2000,575580000
Jordan,JOR,2001,463570000
Jordan,JOR,2002,792060000
Jordan,JOR,2003,1355040000
Jordan,JOR,2004,473390000
Jordan,JOR,2005,878500000
Jordan,JOR,2006,578660000
Jordan,JOR,2007,533510000
Jordan,JOR,2008,514360000
Jordan,JOR,2009,1432850000
Jordan,JOR,2010,1630530000
Jordan,JOR,2011,1199900000
Jordan,JOR,2012,1939960000
Jordan,JOR,2013,1950460000
Jordan,JOR,2014,3116940000
Jordan,JOR,2015,3370030000
Jordan,JOR,2016,3352760000
Jordan,JOR,2017,3597480000
Jordan,JOR,2018,3172430000
Jordan,JOR,2019,3834350000
Jordan,JOR,2020,3316410000
Jordan,JOR,2021,3978740000
Kazakhstan,KAZ,2000,746250000
Kazakhstan,KAZ,2001,1863080000
Kazakhstan,KAZ,2002,1744850000
Kazakhstan,KAZ,2003,868100000
Kazakhstan,KAZ,2004,1371900000
Kazakhstan,KAZ,2005,1974740000
Kazakhstan,KAZ,2006,5970880000
Kazakhstan,KAZ,2007,6946030000
Kazakhstan,KAZ,2008,3439470000
Kazakhstan,KAZ,2009,2100770000
Kazakhstan,KAZ,2010,948330000
Kazakhstan,KAZ,2011,3166770000
Kazakhstan,KAZ,2012,932540000
Kazakhstan,KAZ,2013,4586100000
Kazakhstan,KAZ,2014,1892830000
Kazakhstan,KAZ,2015,4242670000
Kazakhstan,KAZ,2016,418680000
Kazakhstan,KAZ,2017,-3793920000
Kazakhstan,KAZ,2018,-8081210000
Kazakhstan,KAZ,2019,-1019970000
Kazakhstan,KAZ,2020,3483510000
Kazakhstan,KAZ,2021,4108750000
Kenya,KEN,2000,863350000
Kenya,KEN,2001,575330000
Kenya,KEN,2002,382640000
Kenya,KEN,2003,568690000
Kenya,KEN,2004,717620000
Kenya,KEN,2005,1070430000.0000001
Kenya,KEN,2006,796750000
Kenya,KEN,2007,2408840000
Kenya,KEN,2008,1378720000
Kenya,KEN,2009,2481680000
Kenya,KEN,2010,1504210000
Kenya,KEN,2011,3000840000
Kenya,KEN,2012,2749850000
Kenya,KEN,2013,4476300000
Kenya,KEN,2014,3280030000
Kenya,KEN,2015,2605080000
Kenya,KEN,2016,2682920000
Kenya,KEN,2017,3298790000
Kenya,KEN,2018,3518600000
Kenya,KEN,2019,3167270000
Kenya,KEN,2020,4520630000
Kenya,KEN,2021,3798160000
Kiribati,KIR,2000,16940000
Kiribati,KIR,2001,11380000
Kiribati,KIR,2002,20160000
Kiribati,KIR,2003,16230000
Kiribati,KIR,2004,15100000
Kiribati,KIR,2005,27640000
Kiribati,KIR,2006,24790000
Kiribati,KIR,2007,19630000
Kiribati,KIR,2008,27230000
Kiribati,KIR,2009,27080000
Kiribati,KIR,2010,24230000
Kiribati,KIR,2011,68490000
Kiribati,KIR,2012,66849999.99999999
Kiribati,KIR,2013,65870000.00000001
Kiribati,KIR,2014,83960000
Kiribati,KIR,2015,67960000
Kiribati,KIR,2016,52490000
Kiribati,KIR,2017,76590000
Kiribati,KIR,2018,89540000
Kiribati,KIR,2019,62220000
Kiribati,KIR,2020,58050000
Kiribati,KIR,2021,73090000
Kosovo,OWID_KOS,2009,584120000
Kosovo,OWID_KOS,2010,559440000
Kosovo,OWID_KOS,2011,575580000
Kosovo,OWID_KOS,2012,541870000
Kosovo,OWID_KOS,2013,558280000
Kosovo,OWID_KOS,2014,733200000
Kosovo,OWID_KOS,2015,614330000
Kosovo,OWID_KOS,2016,504940000
Kosovo,OWID_KOS,2017,702400000
Kosovo,OWID_KOS,2018,699480000
Kosovo,OWID_KOS,2019,510550000
Kosovo,OWID_KOS,2020,546950000
Kosovo,OWID_KOS,2021,505770000
Kyrgyzstan,KGZ,2000,201220000
Kyrgyzstan,KGZ,2001,97290000
Kyrgyzstan,KGZ,2002,94100000
Kyrgyzstan,KGZ,2003,171590000
Kyrgyzstan,KGZ,2004,203520000
Kyrgyzstan,KGZ,2005,301590000
Kyrgyzstan,KGZ,2006,233560000
Kyrgyzstan,KGZ,2007,277110000
Kyrgyzstan,KGZ,2008,373670000
Kyrgyzstan,KGZ,2009,303100000
Kyrgyzstan,KGZ,2010,413420000
Kyrgyzstan,KGZ,2011,503010000
Kyrgyzstan,KGZ,2012,559190000
Kyrgyzstan,KGZ,2013,627490000
Kyrgyzstan,KGZ,2014,653260000
Kyrgyzstan,KGZ,2015,782120000
Kyrgyzstan,KGZ,2016,453230000
Kyrgyzstan,KGZ,2017,473900000
Kyrgyzstan,KGZ,2018,502470000
Kyrgyzstan,KGZ,2019,475200000
Kyrgyzstan,KGZ,2020,488950000
Kyrgyzstan,KGZ,2021,485850000
Laos,LAO,2000,238930000
Laos,LAO,2001,201180000
Laos,LAO,2002,221480000
Laos,LAO,2003,107530000
Laos,LAO,2004,221430000
Laos,LAO,2005,300880000
Laos,LAO,2006,1387120000
Laos,LAO,2007,567860000
Laos,LAO,2008,599450000
Laos,LAO,2009,486860000
Laos,LAO,2010,440570000
Laos,LAO,2011,394460000
Laos,LAO,2012,803220000
Laos,LAO,2013,486560000
Laos,LAO,2014,719210000
Laos,LAO,2015,527559999.99999994
Laos,LAO,2016,482480000
Laos,LAO,2017,627080000
Laos,LAO,2018,649620000
Laos,LAO,2019,739450000
Laos,LAO,2020,521080000.00000006
Laos,LAO,2021,374890000
Lebanon,LBN,2000,50720000
Lebanon,LBN,2001,-568350000
Lebanon,LBN,2002,237960000
Lebanon,LBN,2003,1686780000
Lebanon,LBN,2004,285670000
Lebanon,LBN,2005,373810000
Lebanon,LBN,2006,644820000
Lebanon,LBN,2007,849610000
Lebanon,LBN,2008,1097200000
Lebanon,LBN,2009,573630000
Lebanon,LBN,2010,894140000
Lebanon,LBN,2011,173160000
Lebanon,LBN,2012,819110000
Lebanon,LBN,2013,796930000
Lebanon,LBN,2014,604330000
Lebanon,LBN,2015,979110000
Lebanon,LBN,2016,1502750000
Lebanon,LBN,2017,1688970000
Lebanon,LBN,2018,1757290000
Lebanon,LBN,2019,1210210000
Lebanon,LBN,2020,1288380000
Lebanon,LBN,2021,1533200000
Lesotho,LSO,2000,11010000
Lesotho,LSO,2001,-41470000
Lesotho,LSO,2002,-43300000
Lesotho,LSO,2003,-48570000
Lesotho,LSO,2004,88960000
Lesotho,LSO,2005,50700000
Lesotho,LSO,2006,60500000
Lesotho,LSO,2007,112010000
Lesotho,LSO,2008,135340000
Lesotho,LSO,2009,116760000
Lesotho,LSO,2010,240340000
Lesotho,LSO,2011,283380000
Lesotho,LSO,2012,294090000
Lesotho,LSO,2013,335180000
Lesotho,LSO,2014,116730000
Lesotho,LSO,2015,83150000
Lesotho,LSO,2016,120820000
Lesotho,LSO,2017,132360000.00000001
Lesotho,LSO,2018,149130000
Lesotho,LSO,2019,122570000
Lesotho,LSO,2020,167060000
Lesotho,LSO,2021,174420000
Liberia,LBR,2000,631630000
Liberia,LBR,2001,1035530000
Liberia,LBR,2002,-283910000
Liberia,LBR,2003,4521830000
Liberia,LBR,2004,1256230000
Liberia,LBR,2005,-2327690000
Liberia,LBR,2006,722660000
Liberia,LBR,2007,2306710000
Liberia,LBR,2008,1638460000
Liberia,LBR,2009,1451530000
Liberia,LBR,2010,2423290000
Liberia,LBR,2011,617770000
Liberia,LBR,2012,2086480000
Liberia,LBR,2013,-1839760000
Liberia,LBR,2014,845660000
Liberia,LBR,2015,1588240000
Liberia,LBR,2016,159320000
Liberia,LBR,2017,378970000
Liberia,LBR,2018,-643780000
Liberia,LBR,2019,803010000
Liberia,LBR,2020,-48760000
Liberia,LBR,2021,1143200000
Libya,LBY,2005,523610000
Libya,LBY,2006,-372450000
Libya,LBY,2007,1899200000
Libya,LBY,2008,1984180000
Libya,LBY,2009,1195860000
Libya,LBY,2010,-310290000
Libya,LBY,2011,914510000
Libya,LBY,2012,-339100000
Libya,LBY,2013,-170320000
Libya,LBY,2014,1174430000
Libya,LBY,2015,815280000
Libya,LBY,2016,-671270000
Libya,LBY,2017,411310000
Libya,LBY,2018,503930000
Libya,LBY,2019,778720000
Libya,LBY,2020,1922070000
Libya,LBY,2021,344090000
Madagascar,MDG,2000,320940000
Madagascar,MDG,2001,369090000
Madagascar,MDG,2002,365390000
Madagascar,MDG,2003,555550000
Madagascar,MDG,2004,1233880000
Madagascar,MDG,2005,723280000
Madagascar,MDG,2006,917770000
Madagascar,MDG,2007,1187350000
Madagascar,MDG,2008,2239420000
Madagascar,MDG,2009,1450400000
Madagascar,MDG,2010,999080000
Madagascar,MDG,2011,951950000
Madagascar,MDG,2012,658950000
Madagascar,MDG,2013,525030000
Madagascar,MDG,2014,565300000
Madagascar,MDG,2015,646460000
Madagascar,MDG,2016,636450000
Madagascar,MDG,2017,851190000
Madagascar,MDG,2018,847770000
Madagascar,MDG,2019,1181360000
Madagascar,MDG,2020,1321360000
Madagascar,MDG,2021,1200120000
Malawi,MWI,2000,433090000
Malawi,MWI,2001,460520000
Malawi,MWI,2002,392050000
Malawi,MWI,2003,515940000.00000006
Malawi,MWI,2004,511000000
Malawi,MWI,2005,572380000
Malawi,MWI,2006,730930000
Malawi,MWI,2007,746330000
Malawi,MWI,2008,924670000
Malawi,MWI,2009,812360000
Malawi,MWI,2010,1049430000.0000001
Malawi,MWI,2011,726190000
Malawi,MWI,2012,1149090000
Malawi,MWI,2013,1577630000
Malawi,MWI,2014,965700000
Malawi,MWI,2015,1070880000.0000001
Malawi,MWI,2016,1179730000
Malawi,MWI,2017,1608160000
Malawi,MWI,2018,1762400000
Malawi,MWI,2019,1134280000
Malawi,MWI,2020,1605560000
Malawi,MWI,2021,838700000
Malaysia,MYS,2000,-303640000
Malaysia,MYS,2001,412770000
Malaysia,MYS,2002,3504620000
Malaysia,MYS,2003,1145070000
Malaysia,MYS,2004,1928900000
Malaysia,MYS,2005,723950000
Malaysia,MYS,2006,7551990000
Malaysia,MYS,2007,10261500000
Malaysia,MYS,2008,1094960000
Malaysia,MYS,2009,5546530000
Malaysia,MYS,2010,6726330000
Malaysia,MYS,2011,7458950000
Malaysia,MYS,2012,10254970000
Malaysia,MYS,2013,9479510000
Malaysia,MYS,2014,7524030000
Malaysia,MYS,2015,3138660000
Malaysia,MYS,2016,586870000
Malaysia,MYS,2017,2192320000
Malaysia,MYS,2018,-918260000
Malaysia,MYS,2019,11070580000
Malaysia,MYS,2020,331770000
Malaysia,MYS,2021,2418800000
Maldives,MDV,2000,9780000
Maldives,MDV,2001,34850000
Maldives,MDV,2002,45630000
Maldives,MDV,2003,51450000
Maldives,MDV,2004,75720000
Maldives,MDV,2005,123980000
Maldives,MDV,2006,139110000
Maldives,MDV,2007,117710000
Maldives,MDV,2008,68850000
Maldives,MDV,2009,55270000
Maldives,MDV,2010,92750000
Maldives,MDV,2011,-43970000
Maldives,MDV,2012,-10160000
Maldives,MDV,2013,18800000
Maldives,MDV,2014,118640000
Maldives,MDV,2015,25300000
Maldives,MDV,2016,15120000
Maldives,MDV,2017,21720000
Maldives,MDV,2018,296970000
Maldives,MDV,2019,212070000
Maldives,MDV,2020,254770000
Maldives,MDV,2021,215280000
Mali,MLI,2000,313620000
Mali,MLI,2001,330310000
Mali,MLI,2002,283110000
Mali,MLI,2003,572060000
Mali,MLI,2004,551240000
Mali,MLI,2005,770660000
Mali,MLI,2006,877150000
Mali,MLI,2007,927780000
Mali,MLI,2008,942810000
Mali,MLI,2009,970560000
Mali,MLI,2010,1121910000
Mali,MLI,2011,1262710000
Mali,MLI,2012,965520000
Mali,MLI,2013,1369680000
Mali,MLI,2014,1136480000
Mali,MLI,2015,1269380000
Mali,MLI,2016,1315630000
Mali,MLI,2017,1616640000
Mali,MLI,2018,1581440000
Mali,MLI,2019,1847260000
Mali,MLI,2020,1606700000
Mali,MLI,2021,1442580000
Malta,MLT,2000,875360000
Malta,MLT,2001,206270000
Malta,MLT,2002,-210320000
Marshall Islands,MHL,2000,155590000
Marshall Islands,MHL,2001,858600000
Marshall Islands,MHL,2002,1024790000
Marshall Islands,MHL,2003,448200000
Marshall Islands,MHL,2004,1182050000
Marshall Islands,MHL,2005,2793120000
Marshall Islands,MHL,2006,1452080000
Marshall Islands,MHL,2007,4480060000
Marshall Islands,MHL,2008,3386530000
Marshall Islands,MHL,2009,-806600000
Marshall Islands,MHL,2010,997970000
Marshall Islands,MHL,2011,3051800000
Marshall Islands,MHL,2012,2205430000
Marshall Islands,MHL,2013,-975130000
Marshall Islands,MHL,2014,-162830000
Marshall Islands,MHL,2015,1638620000
Marshall Islands,MHL,2016,57970000
Marshall Islands,MHL,2017,661360000
Marshall Islands,MHL,2018,-401980000
Marshall Islands,MHL,2019,240430000
Marshall Islands,MHL,2020,-101860000
Marshall Islands,MHL,2021,124670000
Mauritania,MRT,2000,222780000
Mauritania,MRT,2001,268890000
Mauritania,MRT,2002,318120000
Mauritania,MRT,2003,244910000
Mauritania,MRT,2004,226010000
Mauritania,MRT,2005,190630000
Mauritania,MRT,2006,194750000
Mauritania,MRT,2007,318820000
Mauritania,MRT,2008,444600000
Mauritania,MRT,2009,404110000
Mauritania,MRT,2010,373250000
Mauritania,MRT,2011,489710000
Mauritania,MRT,2012,964220000
Mauritania,MRT,2013,455880000
Mauritania,MRT,2014,300730000
Mauritania,MRT,2015,321000000
Mauritania,MRT,2016,223130000
Mauritania,MRT,2017,285660000
Mauritania,MRT,2018,452660000
Mauritania,MRT,2019,-340010000
Mauritania,MRT,2020,392960000
Mauritania,MRT,2021,293920000
Mauritius,MUS,2000,410330000
Mauritius,MUS,2001,321490000
Mauritius,MUS,2002,-60640000
Mauritius,MUS,2003,340780000
Mauritius,MUS,2004,2879270000
Mauritius,MUS,2005,147030000
Mauritius,MUS,2006,749170000
Mauritius,MUS,2007,12572840000
Mauritius,MUS,2008,985320000
Mauritius,MUS,2009,1873700000
Mauritius,MUS,2010,4390450000
Mauritius,MUS,2011,-1486000000
Mauritius,MUS,2012,1770680000
Mauritius,MUS,2013,-1873920000
Mauritius,MUS,2014,-157540000
Mauritius,MUS,2015,-521260000
Mauritius,MUS,2016,-77710000
Mauritius,MUS,2017,3963130000
Mauritius,MUS,2018,-1356990000
Mauritius,MUS,2019,5652470000
Mauritius,MUS,2020,1362910000
Mauritius,MUS,2021,1434740000
Mayotte,MYT,2000,103180000
Mayotte,MYT,2001,127450000
Mayotte,MYT,2002,122130000
Mayotte,MYT,2003,160200000
Mayotte,MYT,2004,197610000
Mayotte,MYT,2005,195200000
Mayotte,MYT,2006,338450000
Mayotte,MYT,2007,395120000
Mayotte,MYT,2008,465340000
Mayotte,MYT,2009,534820000.00000006
Mayotte,MYT,2010,605420000
Mexico,MEX,2000,1166500000
Mexico,MEX,2001,5755410000
Mexico,MEX,2002,6344280000
Mexico,MEX,2003,9088880000
Mexico,MEX,2004,9385370000
Mexico,MEX,2005,17080110000
Mexico,MEX,2006,1595450000
Mexico,MEX,2007,21520330000
Mexico,MEX,2008,17573410000
Mexico,MEX,2009,21101690000
Mexico,MEX,2010,27448370000
Mexico,MEX,2011,13954400000
Mexico,MEX,2012,21123240000
Mexico,MEX,2013,24756620000
Mexico,MEX,2014,18839150000
Mexico,MEX,2015,16964880000.000002
Mexico,MEX,2016,9121040000
Mexico,MEX,2017,27829470000
Mexico,MEX,2018,23677500000
Mexico,MEX,2019,14073560000
Mexico,MEX,2020,15838210000
Mexico,MEX,2021,10446300000
Micronesia (country),FSM,2000,97370000
Micronesia (country),FSM,2001,135150000
Micronesia (country),FSM,2002,110850000
Micronesia (country),FSM,2003,112270000
Micronesia (country),FSM,2004,85850000
Micronesia (country),FSM,2005,105120000
Micronesia (country),FSM,2006,107060000
Micronesia (country),FSM,2007,128370000
Micronesia (country),FSM,2008,140850000
Micronesia (country),FSM,2009,130500000
Micronesia (country),FSM,2010,67850000
Micronesia (country),FSM,2011,732670000
Micronesia (country),FSM,2012,150230000
Micronesia (country),FSM,2013,235600000
Micronesia (country),FSM,2014,437630000
Micronesia (country),FSM,2015,879310000
Micronesia (country),FSM,2016,766840000
Micronesia (country),FSM,2017,552130000
Micronesia (country),FSM,2018,-1542030000
Micronesia (country),FSM,2019,-1122200000
Micronesia (country),FSM,2020,165260000
Micronesia (country),FSM,2021,-660700000
Moldova,MDA,2000,141090000
Moldova,MDA,2001,95120000
Moldova,MDA,2002,149980000
Moldova,MDA,2003,115480000
Moldova,MDA,2004,116910000
Moldova,MDA,2005,157800000
Moldova,MDA,2006,371330000
Moldova,MDA,2007,436510000
Moldova,MDA,2008,463480000
Moldova,MDA,2009,249760000
Moldova,MDA,2010,665980000
Moldova,MDA,2011,414000000
Moldova,MDA,2012,538540000
Moldova,MDA,2013,883940000
Moldova,MDA,2014,526620000
Moldova,MDA,2015,305650000
Moldova,MDA,2016,391440000
Moldova,MDA,2017,224060000
Moldova,MDA,2018,327480000
Moldova,MDA,2019,454780000
Moldova,MDA,2020,723210000
Moldova,MDA,2021,692280000
Mongolia,MNG,2000,179730000
Mongolia,MNG,2001,298720000
Mongolia,MNG,2002,266120000
Mongolia,MNG,2003,270540000
Mongolia,MNG,2004,640490000
Mongolia,MNG,2005,178550000
Mongolia,MNG,2006,279330000
Mongolia,MNG,2007,396470000
Mongolia,MNG,2008,328350000
Mongolia,MNG,2009,319330000
Mongolia,MNG,2010,467610000
Mongolia,MNG,2011,445670000
Mongolia,MNG,2012,1147260000
Mongolia,MNG,2013,1196360000
Mongolia,MNG,2014,868710000
Mongolia,MNG,2015,547130000
Mongolia,MNG,2016,1667970000
Mongolia,MNG,2017,642230000
Mongolia,MNG,2018,716460000
Mongolia,MNG,2019,1321510000
Mongolia,MNG,2020,-91640000
Mongolia,MNG,2021,-84460000
Montenegro,MNE,2003,8140000.000000001
Montenegro,MNE,2004,20130000
Montenegro,MNE,2005,1360000
Montenegro,MNE,2006,141860000
Montenegro,MNE,2007,173240000
Montenegro,MNE,2008,586550000
Montenegro,MNE,2009,388720000
Montenegro,MNE,2010,185080000
Montenegro,MNE,2011,14880000
Montenegro,MNE,2012,322310000
Montenegro,MNE,2013,292220000
Montenegro,MNE,2014,220300000
Montenegro,MNE,2015,434490000
Montenegro,MNE,2016,302690000
Montenegro,MNE,2017,429630000
Montenegro,MNE,2018,273100000
Montenegro,MNE,2019,218890000
Montenegro,MNE,2020,295230000
Montenegro,MNE,2021,1936560000
Montserrat,MSR,2000,109420000
Montserrat,MSR,2001,379650000
Montserrat,MSR,2002,32990000.000000004
Montserrat,MSR,2003,31840000
Montserrat,MSR,2004,44410000
Montserrat,MSR,2005,25850000
Montserrat,MSR,2006,32259999.999999996
Montserrat,MSR,2007,36160000
Montserrat,MSR,2008,34570000
Montserrat,MSR,2009,165920000
Montserrat,MSR,2010,26060000
Montserrat,MSR,2011,46130000
Montserrat,MSR,2012,19190000
Montserrat,MSR,2013,55540000
Montserrat,MSR,2014,40290000
Montserrat,MSR,2015,52360000
Montserrat,MSR,2016,38570000
Montserrat,MSR,2017,33340000.000000004
Montserrat,MSR,2018,41760000
Montserrat,MSR,2019,36250000
Montserrat,MSR,2020,49790000
Montserrat,MSR,2021,39780000
Morocco,MAR,2000,629310000
Morocco,MAR,2001,270910000
Morocco,MAR,2002,130169999.99999999
Morocco,MAR,2003,1695250000
Morocco,MAR,2004,1069050000
Morocco,MAR,2005,2223610000
Morocco,MAR,2006,1605200000
Morocco,MAR,2007,2987740000
Morocco,MAR,2008,3588130000
Morocco,MAR,2009,2599720000
Morocco,MAR,2010,3567690000
Morocco,MAR,2011,5214200000
Morocco,MAR,2012,4384610000
Morocco,MAR,2013,8034380000
Morocco,MAR,2014,6109620000
Morocco,MAR,2015,2171500000
Morocco,MAR,2016,3754270000
Morocco,MAR,2017,2654540000
Morocco,MAR,2018,1391070000
Morocco,MAR,2019,2886730000
Morocco,MAR,2020,3614820000
Morocco,MAR,2021,1215650000
Mozambique,MOZ,2000,1177060000
Mozambique,MOZ,2001,1085900000
Mozambique,MOZ,2002,2105659999.9999998
Mozambique,MOZ,2003,874710000
Mozambique,MOZ,2004,1397200000
Mozambique,MOZ,2005,1281530000
Mozambique,MOZ,2006,1655860000
Mozambique,MOZ,2007,1814850000
Mozambique,MOZ,2008,1883610000
Mozambique,MOZ,2009,2049510000.0000002
Mozambique,MOZ,2010,2873490000
Mozambique,MOZ,2011,2651930000
Mozambique,MOZ,2012,2149860000
Mozambique,MOZ,2013,3106960000
Mozambique,MOZ,2014,2779950000
Mozambique,MOZ,2015,2274880000
Mozambique,MOZ,2016,1614640000
Mozambique,MOZ,2017,1711330000
Mozambique,MOZ,2018,3732900000
Mozambique,MOZ,2019,2295380000
Mozambique,MOZ,2020,3601550000
Mozambique,MOZ,2021,2796560000
Myanmar,MMR,2000,55650000
Myanmar,MMR,2001,105860000
Myanmar,MMR,2002,78140000
Myanmar,MMR,2003,59540000
Myanmar,MMR,2004,85890000
Myanmar,MMR,2005,130500000
Myanmar,MMR,2006,120210000
Myanmar,MMR,2007,121390000
Myanmar,MMR,2008,535130000
Myanmar,MMR,2009,357270000
Myanmar,MMR,2010,645970000
Myanmar,MMR,2011,877650000
Myanmar,MMR,2012,829120000
Myanmar,MMR,2013,4697480000
Myanmar,MMR,2014,2057940000
Myanmar,MMR,2015,2455550000
Myanmar,MMR,2016,1993060000
Myanmar,MMR,2017,2090300000.0000002
Myanmar,MMR,2018,2142630000
Myanmar,MMR,2019,2733190000
Myanmar,MMR,2020,3892570000
Myanmar,MMR,2021,1297270000
Namibia,NAM,2000,127430000
Namibia,NAM,2001,130500000
Namibia,NAM,2002,62740000
Namibia,NAM,2003,173170000
Namibia,NAM,2004,65000000
Namibia,NAM,2005,157720000
Namibia,NAM,2006,495100000
Namibia,NAM,2007,237740000
Namibia,NAM,2008,519520000
Namibia,NAM,2009,654450000
Namibia,NAM,2010,33590000
Namibia,NAM,2011,708080000
Namibia,NAM,2012,-769230000
Namibia,NAM,2013,280250000
Namibia,NAM,2014,-776960000
Namibia,NAM,2015,270900000
Namibia,NAM,2016,407240000
Namibia,NAM,2017,597090000
Namibia,NAM,2018,347290000
Namibia,NAM,2019,147840000
Namibia,NAM,2020,213900000
Namibia,NAM,2021,-38770000
Nauru,NRU,2000,1940000
Nauru,NRU,2001,7490000
Nauru,NRU,2002,12950000
Nauru,NRU,2003,22420000
Nauru,NRU,2004,237190000
Nauru,NRU,2005,11780000
Nauru,NRU,2006,17940000
Nauru,NRU,2007,26060000
Nauru,NRU,2008,32509999.999999996
Nauru,NRU,2009,25970000
Nauru,NRU,2010,28090000
Nauru,NRU,2011,37320000
Nauru,NRU,2012,35900000
Nauru,NRU,2013,28690000
Nauru,NRU,2014,22520000
Nauru,NRU,2015,31250000
Nauru,NRU,2016,84980000
Nauru,NRU,2017,45260000
Nauru,NRU,2018,37880000
Nauru,NRU,2019,54320000
Nauru,NRU,2020,16680000
Nauru,NRU,2021,33760000
Nepal,NPL,2000,330610000
Nepal,NPL,2001,429010000
Nepal,NPL,2002,248680000
Nepal,NPL,2003,451000000
Nepal,NPL,2004,417810000
Nepal,NPL,2005,397090000
Nepal,NPL,2006,439160000
Nepal,NPL,2007,552170000
Nepal,NPL,2008,607710000
Nepal,NPL,2009,692120000
Nepal,NPL,2010,749460000
Nepal,NPL,2011,733760000
Nepal,NPL,2012,851420000
Nepal,NPL,2013,1004730000
Nepal,NPL,2014,888380000
Nepal,NPL,2015,1215580000
Nepal,NPL,2016,1071170000.0000001
Nepal,NPL,2017,1320540000
Nepal,NPL,2018,1477430000
Nepal,NPL,2019,1413600000
Nepal,NPL,2020,1782360000
Nepal,NPL,2021,1636500000
Nicaragua,NIC,2000,538620000
Nicaragua,NIC,2001,488390000
Nicaragua,NIC,2002,505450000
Nicaragua,NIC,2003,693180000
Nicaragua,NIC,2004,475000000
Nicaragua,NIC,2005,574570000
Nicaragua,NIC,2006,892970000
Nicaragua,NIC,2007,740240000
Nicaragua,NIC,2008,672340000
Nicaragua,NIC,2009,703290000
Nicaragua,NIC,2010,545250000
Nicaragua,NIC,2011,599960000
Nicaragua,NIC,2012,558060000
Nicaragua,NIC,2013,832360000
Nicaragua,NIC,2014,1049970000
Nicaragua,NIC,2015,533039999.99999994
Nicaragua,NIC,2016,369430000
Nicaragua,NIC,2017,583490000
Nicaragua,NIC,2018,501020000
Nicaragua,NIC,2019,416010000
Nicaragua,NIC,2020,514760000
Nicaragua,NIC,2021,826790000
Niger,NER,2000,183770000
Niger,NER,2001,231090000
Niger,NER,2002,191660000
Niger,NER,2003,510140000
Niger,NER,2004,465260000
Niger,NER,2005,397350000
Niger,NER,2006,-391650000
Niger,NER,2007,361140000
Niger,NER,2008,582530000
Niger,NER,2009,471130000
Niger,NER,2010,674270000
Niger,NER,2011,595710000
Niger,NER,2012,935660000
Niger,NER,2013,749850000
Niger,NER,2014,1013120000
Niger,NER,2015,924640000
Niger,NER,2016,1111990000
Niger,NER,2017,1296900000
Niger,NER,2018,1285580000
Niger,NER,2019,1448500000
Niger,NER,2020,1889540000
Niger,NER,2021,1805530000
Nigeria,NGA,2000,-1993750000
Nigeria,NGA,2001,1082610000
Nigeria,NGA,2002,4707210000
Nigeria,NGA,2003,2196030000
Nigeria,NGA,2004,1321780000
Nigeria,NGA,2005,7581760000
Nigeria,NGA,2006,-2961070000
Nigeria,NGA,2007,1397310000
Nigeria,NGA,2008,2561640000
Nigeria,NGA,2009,3956910000
Nigeria,NGA,2010,1266180000
Nigeria,NGA,2011,4104960000
Nigeria,NGA,2012,6365980000
Nigeria,NGA,2013,4713730000
Nigeria,NGA,2014,6761800000
Nigeria,NGA,2015,22495960000
Nigeria,NGA,2016,-9363470000
Nigeria,NGA,2017,8335000000
Nigeria,NGA,2018,3913930000
Nigeria,NGA,2019,6396180000
Nigeria,NGA,2020,3550040000
Nigeria,NGA,2021,6091480000
Niue,NIU,2000,22840000
Niue,NIU,2001,18420000
Niue,NIU,2002,12720000
Niue,NIU,2003,6790000
Niue,NIU,2004,13070000
Niue,NIU,2005,20000000
Niue,NIU,2006,9010000
Niue,NIU,2007,14770000
Niue,NIU,2008,18040000
Niue,NIU,2009,7310000
Niue,NIU,2010,15190000
Niue,NIU,2011,20850000
Niue,NIU,2012,20100000
Niue,NIU,2013,18290000
Niue,NIU,2014,13640000
Niue,NIU,2015,19580000
Niue,NIU,2016,13710000
Niue,NIU,2017,14800000
Niue,NIU,2018,18940000
Niue,NIU,2019,18990000
Niue,NIU,2020,24160000
Niue,NIU,2021,37320000
North Korea,PRK,2000,76320000
North Korea,PRK,2001,218840000
North Korea,PRK,2002,-440970000
North Korea,PRK,2003,593550000
North Korea,PRK,2004,1529680000
North Korea,PRK,2005,149280000
North Korea,PRK,2006,78940000
North Korea,PRK,2007,179510000
North Korea,PRK,2008,305850000
North Korea,PRK,2009,97310000
North Korea,PRK,2010,72660000
North Korea,PRK,2011,166260000
North Korea,PRK,2012,8964300000
North Korea,PRK,2013,169930000
North Korea,PRK,2014,334010000
North Korea,PRK,2015,159410000
North Korea,PRK,2016,135270000
North Korea,PRK,2017,110690000
North Korea,PRK,2018,127500000
North Korea,PRK,2019,118230000
North Korea,PRK,2020,144840000
North Korea,PRK,2021,-9130000
North Macedonia,MKD,2000,262860000
North Macedonia,MKD,2001,247780000
North Macedonia,MKD,2002,236840000
North Macedonia,MKD,2003,93270000
North Macedonia,MKD,2004,340370000
North Macedonia,MKD,2005,381560000
North Macedonia,MKD,2006,548870000
North Macedonia,MKD,2007,229370000
North Macedonia,MKD,2008,570570000
North Macedonia,MKD,2009,332580000
North Macedonia,MKD,2010,551700000
North Macedonia,MKD,2011,517650000
North Macedonia,MKD,2012,337940000
North Macedonia,MKD,2013,450630000
North Macedonia,MKD,2014,358870000
North Macedonia,MKD,2015,275180000
North Macedonia,MKD,2016,482850000
North Macedonia,MKD,2017,320870000
North Macedonia,MKD,2018,435110000
North Macedonia,MKD,2019,479760000
North Macedonia,MKD,2020,488680000
North Macedonia,MKD,2021,577990000
Oman,OMN,2000,201920000
Oman,OMN,2001,-407470000
Oman,OMN,2002,-40470000
Oman,OMN,2003,188360000
Oman,OMN,2004,1868600000
Oman,OMN,2005,2373710000
Oman,OMN,2006,2193220000
Oman,OMN,2007,1860700000
Oman,OMN,2008,199080000
Oman,OMN,2009,65790000.00000001
Oman,OMN,2010,1246700000
Pakistan,PAK,2000,16680000
Pakistan,PAK,2001,1608780000
Pakistan,PAK,2002,1688930000
Pakistan,PAK,2003,515679999.99999994
Pakistan,PAK,2004,77640000
Pakistan,PAK,2005,2437240000
Pakistan,PAK,2006,3566680000
Pakistan,PAK,2007,5047720000
Pakistan,PAK,2008,2734320000
Pakistan,PAK,2009,3020170000
Pakistan,PAK,2010,3203180000
Pakistan,PAK,2011,4381320000
Pakistan,PAK,2012,2729850000
Pakistan,PAK,2013,1786260000
Pakistan,PAK,2014,3673340000
Pakistan,PAK,2015,3495390000
Pakistan,PAK,2016,4255470000.0000005
Pakistan,PAK,2017,3445020000
Pakistan,PAK,2018,1163980000
Pakistan,PAK,2019,2858990000
Pakistan,PAK,2020,4180050000
Pakistan,PAK,2021,4051300000
Palau,PLW,2000,55470000
Palau,PLW,2001,43890000
Palau,PLW,2002,30980000
Palau,PLW,2003,25600000
Palau,PLW,2004,24910000
Palau,PLW,2005,22490000
Palau,PLW,2006,36650000
Palau,PLW,2007,25490000
Palau,PLW,2008,40020000
Palau,PLW,2009,34780000
Palau,PLW,2010,31670000
Palau,PLW,2011,36900000
Palau,PLW,2012,37380000
Palau,PLW,2013,44080000
Palau,PLW,2014,18490000
Palau,PLW,2015,21030000
Palau,PLW,2016,33110000
Palau,PLW,2017,42240000
Palau,PLW,2018,101850000
Palau,PLW,2019,37470000
Palau,PLW,2020,85330000
Palau,PLW,2021,60130000
Palestine,PSE,2000,554410000
Palestine,PSE,2001,940130000
Palestine,PSE,2002,935030000
Palestine,PSE,2003,1028750000
Palestine,PSE,2004,1154850000
Palestine,PSE,2005,1035720000
Palestine,PSE,2006,1354250000
Palestine,PSE,2007,1707690000
Palestine,PSE,2008,2471060000
Palestine,PSE,2009,2855730000
Palestine,PSE,2010,2531370000
Palestine,PSE,2011,2427140000
Palestine,PSE,2012,2019860000
Palestine,PSE,2013,2597090000
Palestine,PSE,2014,2518590000
Palestine,PSE,2015,1886240000
Palestine,PSE,2016,2416100000
Palestine,PSE,2017,2154270000
Palestine,PSE,2018,2292480000
Palestine,PSE,2019,2297470000
Palestine,PSE,2020,2096639999.9999998
Palestine,PSE,2021,2197040000
Panama,PAN,2000,3350820000
Panama,PAN,2001,801540000
Panama,PAN,2002,2411440000
Panama,PAN,2003,-5859670000
Panama,PAN,2004,1966040000
Panama,PAN,2005,5950710000
Panama,PAN,2006,5714040000
Panama,PAN,2007,5284960000
Panama,PAN,2008,4247740000
Panama,PAN,2009,8855830000
Panama,PAN,2010,6359260000
Panama,PAN,2011,1042980000
Panama,PAN,2012,-1155940000
Panama,PAN,2013,1139740000
Panama,PAN,2014,-610220000
Panama,PAN,2015,-3065960000
Panama,PAN,2016,-1818600000
Panama,PAN,2017,2620260000
Panama,PAN,2018,2585290000
Panama,PAN,2019,1897020000
Panama,PAN,2020,1525760000
Panama,PAN,2021,6064000000
Papua New Guinea,PNG,2000,333100000
Papua New Guinea,PNG,2001,238240000
Papua New Guinea,PNG,2002,253680000
Papua New Guinea,PNG,2003,240160000
Papua New Guinea,PNG,2004,199040000
Papua New Guinea,PNG,2005,497740000
Papua New Guinea,PNG,2006,417750000
Papua New Guinea,PNG,2007,517750000
Papua New Guinea,PNG,2008,327320000
Papua New Guinea,PNG,2009,2274730000
Papua New Guinea,PNG,2010,5366160000
Papua New Guinea,PNG,2011,2043580000
Papua New Guinea,PNG,2012,4576410000
Papua New Guinea,PNG,2013,2561570000
Papua New Guinea,PNG,2014,-2344270000
Papua New Guinea,PNG,2015,-2324820000
Papua New Guinea,PNG,2016,421810000
Papua New Guinea,PNG,2017,399560000
Papua New Guinea,PNG,2018,677770000
Papua New Guinea,PNG,2019,528390000
Papua New Guinea,PNG,2020,1684690000
Papua New Guinea,PNG,2021,605520000
Paraguay,PRY,2000,432060000
Paraguay,PRY,2001,121110000
Paraguay,PRY,2002,-284150000
Paraguay,PRY,2003,152300000
Paraguay,PRY,2004,-17170000
Paraguay,PRY,2005,98060000
Paraguay,PRY,2006,137630000
Paraguay,PRY,2007,-60910000
Paraguay,PRY,2008,304230000
Paraguay,PRY,2009,320110000
Paraguay,PRY,2010,333270000
Paraguay,PRY,2011,242940000
Paraguay,PRY,2012,251660000
Paraguay,PRY,2013,281780000
Paraguay,PRY,2014,325060000
Paraguay,PRY,2015,292380000
Paraguay,PRY,2016,499350000
Paraguay,PRY,2017,746430000
Paraguay,PRY,2018,406450000
Paraguay,PRY,2019,315570000
Paraguay,PRY,2020,1900410000
Paraguay,PRY,2021,1411150000
Peru,PER,2000,582150000
Peru,PER,2001,1175740000
Peru,PER,2002,1190250000
Peru,PER,2003,1110480000
Peru,PER,2004,715750000
Peru,PER,2005,2522970000
Peru,PER,2006,503380000
Peru,PER,2007,3110700000
Peru,PER,2008,3141830000
Peru,PER,2009,3475700000
Peru,PER,2010,1875100000
Peru,PER,2011,2636630000
Peru,PER,2012,2427900000
Peru,PER,2013,846790000
Peru,PER,2014,1921230000
Peru,PER,2015,3580270000
Peru,PER,2016,3487740000
Peru,PER,2017,2102239999.9999998
Peru,PER,2018,1880330000
Peru,PER,2019,1970140000
Peru,PER,2020,5587670000
Peru,PER,2021,5178460000
Philippines,PHL,2000,1382690000
Philippines,PHL,2001,2137170000
Philippines,PHL,2002,2266090000
Philippines,PHL,2003,316710000
Philippines,PHL,2004,1198960000
Philippines,PHL,2005,3137690000
Philippines,PHL,2006,2378580000
Philippines,PHL,2007,3337750000
Philippines,PHL,2008,-620410000
Philippines,PHL,2009,3033530000
Philippines,PHL,2010,2326030000
Philippines,PHL,2011,3059350000
Philippines,PHL,2012,5384790000
Philippines,PHL,2013,1456940000
Philippines,PHL,2014,6546330000
Philippines,PHL,2015,3166620000
Philippines,PHL,2016,3225240000
Philippines,PHL,2017,4379330000
Philippines,PHL,2018,4552560000
Philippines,PHL,2019,32887410000.000004
Philippines,PHL,2020,9682420000
Philippines,PHL,2021,5611920000
Rwanda,RWA,2000,318210000
Rwanda,RWA,2001,301730000
Rwanda,RWA,2002,364820000
Rwanda,RWA,2003,343220000
Rwanda,RWA,2004,494630000
Rwanda,RWA,2005,560740000
Rwanda,RWA,2006,578610000
Rwanda,RWA,2007,792900000
Rwanda,RWA,2008,951740000
Rwanda,RWA,2009,995040000
Rwanda,RWA,2010,1050890000.0000001
Rwanda,RWA,2011,1257850000
Rwanda,RWA,2012,945390000
Rwanda,RWA,2013,1201440000
Rwanda,RWA,2014,833770000
Rwanda,RWA,2015,1132770000
Rwanda,RWA,2016,1086110000
Rwanda,RWA,2017,1214810000
Rwanda,RWA,2018,1217970000
Rwanda,RWA,2019,1308140000
Rwanda,RWA,2020,1656710000
Rwanda,RWA,2021,1195450000
Saint Helena,SHN,2000,13830000
Saint Helena,SHN,2001,14730000
Saint Helena,SHN,2002,13200000
Saint Helena,SHN,2003,17980000
Saint Helena,SHN,2004,25600000
Saint Helena,SHN,2005,23190000
Saint Helena,SHN,2006,28200000
Saint Helena,SHN,2007,58000000
Saint Helena,SHN,2008,60420000
Saint Helena,SHN,2009,34910000
Saint Helena,SHN,2010,61630000
Saint Helena,SHN,2011,79330000
Saint Helena,SHN,2012,78700000
Saint Helena,SHN,2013,107410000
Saint Helena,SHN,2014,130780000
Saint Helena,SHN,2015,95260000
Saint Helena,SHN,2016,106490000
Saint Helena,SHN,2017,65730000.00000001
Saint Helena,SHN,2018,67000000
Saint Helena,SHN,2019,50100000
Saint Helena,SHN,2020,69300000
Saint Helena,SHN,2021,53970000
Saint Kitts and Nevis,KNA,2000,-56600000
Saint Kitts and Nevis,KNA,2001,5920000
Saint Kitts and Nevis,KNA,2002,24870000
Saint Kitts and Nevis,KNA,2003,6380000
Saint Kitts and Nevis,KNA,2004,-10840000
Saint Kitts and Nevis,KNA,2005,-17880000
Saint Kitts and Nevis,KNA,2006,440000
Saint Kitts and Nevis,KNA,2007,-420370000
Saint Kitts and Nevis,KNA,2008,-13750000
Saint Kitts and Nevis,KNA,2009,7800000
Saint Kitts and Nevis,KNA,2010,6680000
Saint Kitts and Nevis,KNA,2011,229740000
Saint Kitts and Nevis,KNA,2012,-90830000
Saint Kitts and Nevis,KNA,2013,20800000
Saint Lucia,LCA,2000,17060000
Saint Lucia,LCA,2001,15370000
Saint Lucia,LCA,2002,38370000
Saint Lucia,LCA,2003,34490000
Saint Lucia,LCA,2004,22680000
Saint Lucia,LCA,2005,34470000
Saint Lucia,LCA,2006,32640000
Saint Lucia,LCA,2007,47240000
Saint Lucia,LCA,2008,18880000
Saint Lucia,LCA,2009,228300000
Saint Lucia,LCA,2010,-16440000.000000002
Saint Lucia,LCA,2011,154350000
Saint Lucia,LCA,2012,71410000
Saint Lucia,LCA,2013,39710000
Saint Lucia,LCA,2014,7850000
Saint Lucia,LCA,2015,57820000
Saint Lucia,LCA,2016,11080000
Saint Lucia,LCA,2017,9980000
Saint Lucia,LCA,2018,19120000
Saint Lucia,LCA,2019,52230000
Saint Lucia,LCA,2020,109630000
Saint Lucia,LCA,2021,142150000
Saint Vincent and the Grenadines,VCT,2000,4840000
Saint Vincent and the Grenadines,VCT,2001,-2970000
Saint Vincent and the Grenadines,VCT,2002,-10970000
Saint Vincent and the Grenadines,VCT,2003,-11730000
Saint Vincent and the Grenadines,VCT,2004,30260000
Saint Vincent and the Grenadines,VCT,2005,-8980000
Saint Vincent and the Grenadines,VCT,2006,16440000.000000002
Saint Vincent and the Grenadines,VCT,2007,499800000
Saint Vincent and the Grenadines,VCT,2008,214520000
Saint Vincent and the Grenadines,VCT,2009,53660000
Saint Vincent and the Grenadines,VCT,2010,57930000
Saint Vincent and the Grenadines,VCT,2011,-9240000
Saint Vincent and the Grenadines,VCT,2012,91440000
Saint Vincent and the Grenadines,VCT,2013,-122730000
Saint Vincent and the Grenadines,VCT,2014,-190060000
Saint Vincent and the Grenadines,VCT,2015,-15330000
Saint Vincent and the Grenadines,VCT,2016,3290000
Saint Vincent and the Grenadines,VCT,2017,1600000
Saint Vincent and the Grenadines,VCT,2018,33670000
Saint Vincent and the Grenadines,VCT,2019,82080000
Saint Vincent and the Grenadines,VCT,2020,77140000
Saint Vincent and the Grenadines,VCT,2021,123410000
Samoa,WSM,2000,30090000
Samoa,WSM,2001,40750000
Samoa,WSM,2002,38910000
Samoa,WSM,2003,40340000
Samoa,WSM,2004,20380000
Samoa,WSM,2005,72820000
Samoa,WSM,2006,51050000
Samoa,WSM,2007,67800000
Samoa,WSM,2008,80470000
Samoa,WSM,2009,79790000
Samoa,WSM,2010,145250000
Samoa,WSM,2011,97000000
Samoa,WSM,2012,125680000
Samoa,WSM,2013,81380000
Samoa,WSM,2014,130009999.99999999
Samoa,WSM,2015,95210000
Samoa,WSM,2016,102720000
Samoa,WSM,2017,143430000
Samoa,WSM,2018,182330000
Samoa,WSM,2019,121280000
Samoa,WSM,2020,164160000
Samoa,WSM,2021,84240000
Sao Tome and Principe,STP,2000,36260000
Sao Tome and Principe,STP,2001,40430000
Sao Tome and Principe,STP,2002,27900000
Sao Tome and Principe,STP,2003,45510000
Sao Tome and Principe,STP,2004,32119999.999999996
Sao Tome and Principe,STP,2005,32110000
Sao Tome and Principe,STP,2006,26700000
Sao Tome and Principe,STP,2007,27690000
Sao Tome and Principe,STP,2008,41600000
Sao Tome and Principe,STP,2009,31530000
Sao Tome and Principe,STP,2010,46250000
Sao Tome and Principe,STP,2011,62450000
Sao Tome and Principe,STP,2012,39550000
Sao Tome and Principe,STP,2013,84760000
Sao Tome and Principe,STP,2014,70290000
Sao Tome and Principe,STP,2015,22870000
Sao Tome and Principe,STP,2016,20980000
Sao Tome and Principe,STP,2017,59060000
Sao Tome and Principe,STP,2018,67850000
Sao Tome and Principe,STP,2019,44310000
Sao Tome and Principe,STP,2020,70730000
Sao Tome and Principe,STP,2021,297520000
Saudi Arabia,SAU,2000,-979220000
Saudi Arabia,SAU,2001,523470000
Saudi Arabia,SAU,2002,-521970000
Saudi Arabia,SAU,2003,-162230000
Saudi Arabia,SAU,2004,-738390000
Saudi Arabia,SAU,2005,1968440000
Saudi Arabia,SAU,2006,10383240000
Saudi Arabia,SAU,2007,5768110000
Senegal,SEN,2000,482760000
Senegal,SEN,2001,460170000
Senegal,SEN,2002,533890000
Senegal,SEN,2003,533799999.99999994
Senegal,SEN,2004,997000000
Senegal,SEN,2005,699580000
Senegal,SEN,2006,868050000
Senegal,SEN,2007,973570000
Senegal,SEN,2008,1351630000
Senegal,SEN,2009,1388890000
Senegal,SEN,2010,926400000
Senegal,SEN,2011,1256530000
Senegal,SEN,2012,1133010000
Senegal,SEN,2013,219770000
Senegal,SEN,2014,1131850000
Senegal,SEN,2015,1049880000.0000001
Senegal,SEN,2016,727970000
Senegal,SEN,2017,1210720000
Senegal,SEN,2018,2265640000
Senegal,SEN,2019,2005670000
Senegal,SEN,2020,2741040000
Senegal,SEN,2021,1281300000
Serbia,SRB,2000,1123960000
Serbia,SRB,2001,1261560000
Serbia,SRB,2002,2708300000
Serbia,SRB,2003,2489900000
Serbia,SRB,2004,2270910000
Serbia,SRB,2005,2458200000
Serbia,SRB,2006,3396900000
Serbia,SRB,2007,3957880000
Serbia,SRB,2008,3388350000
Serbia,SRB,2009,1999360000
Serbia,SRB,2010,1937860000
Serbia,SRB,2011,3368720000
Serbia,SRB,2012,1092760000
Serbia,SRB,2013,1915820000
Serbia,SRB,2014,-3614600000
Serbia,SRB,2015,-2735950000
Serbia,SRB,2016,1410190000
Serbia,SRB,2017,2818080000
Serbia,SRB,2018,1164510000
Serbia,SRB,2019,1978340000
Serbia,SRB,2020,2155610000
Serbia,SRB,2021,2754670000
Seychelles,SYC,2000,72700000
Seychelles,SYC,2001,14880000
Seychelles,SYC,2002,152630000
Seychelles,SYC,2003,1070000
Seychelles,SYC,2004,8930000
Seychelles,SYC,2005,23860000
Seychelles,SYC,2006,-31980000
Seychelles,SYC,2007,131160000
Seychelles,SYC,2008,40230000
Seychelles,SYC,2009,60590000
Seychelles,SYC,2010,209780000
Seychelles,SYC,2011,45590000
Seychelles,SYC,2012,121720000
Seychelles,SYC,2013,-294730000
Seychelles,SYC,2014,-437830000
Seychelles,SYC,2015,-111700000
Seychelles,SYC,2016,45390000
Seychelles,SYC,2017,141640000
Sierra Leone,SLE,2000,185090000
Sierra Leone,SLE,2001,332610000
Sierra Leone,SLE,2002,382710000
Sierra Leone,SLE,2003,329470000
Sierra Leone,SLE,2004,377570000
Sierra Leone,SLE,2005,339110000
Sierra Leone,SLE,2006,471500000
Sierra Leone,SLE,2007,421280000
Sierra Leone,SLE,2008,389140000
Sierra Leone,SLE,2009,457930000
Sierra Leone,SLE,2010,444890000
Sierra Leone,SLE,2011,438180000
Sierra Leone,SLE,2012,508600000
Sierra Leone,SLE,2013,554720000
Sierra Leone,SLE,2014,1138310000
Sierra Leone,SLE,2015,872520000
Sierra Leone,SLE,2016,799380000
Sierra Leone,SLE,2017,731160000
Sierra Leone,SLE,2018,520900000
Sierra Leone,SLE,2019,733410000
Sierra Leone,SLE,2020,845540000
Sierra Leone,SLE,2021,714950000
Slovenia,SVN,2000,819390000
Slovenia,SVN,2001,1039990000
Slovenia,SVN,2002,2071650000
Solomon Islands,SLB,2000,55080000
Solomon Islands,SLB,2001,54740000
Solomon Islands,SLB,2002,25130000
Solomon Islands,SLB,2003,63310000
Solomon Islands,SLB,2004,125240000
Solomon Islands,SLB,2005,168590000
Solomon Islands,SLB,2006,211530000
Solomon Islands,SLB,2007,246770000
Solomon Islands,SLB,2008,262440000
Solomon Islands,SLB,2009,214530000
Solomon Islands,SLB,2010,395490000
Solomon Islands,SLB,2011,344130000
Solomon Islands,SLB,2012,-157690000
Solomon Islands,SLB,2013,330800000
Solomon Islands,SLB,2014,248710000
Solomon Islands,SLB,2015,201670000
Solomon Islands,SLB,2016,193610000
Solomon Islands,SLB,2017,179320000
Solomon Islands,SLB,2018,206470000
Solomon Islands,SLB,2019,299760000
Solomon Islands,SLB,2020,214870000
Solomon Islands,SLB,2021,265459999.99999997
Somalia,SOM,2000,101350000
Somalia,SOM,2001,152780000
Somalia,SOM,2002,156000000
Somalia,SOM,2003,179570000
Somalia,SOM,2004,195780000
Somalia,SOM,2005,240170000
Somalia,SOM,2006,404190000
Somalia,SOM,2007,401050000
Somalia,SOM,2008,773530000
Somalia,SOM,2009,667770000
Somalia,SOM,2010,490020000
Somalia,SOM,2011,1105150000
Somalia,SOM,2012,998750000
Somalia,SOM,2013,1059880000.0000001
Somalia,SOM,2014,1114130000
Somalia,SOM,2015,1265420000
Somalia,SOM,2016,1178770000
Somalia,SOM,2017,1761630000
Somalia,SOM,2018,1581080000
Somalia,SOM,2019,1718680000
Somalia,SOM,2020,2580520000
Somalia,SOM,2021,2245390000
South Africa,ZAF,2000,-490580000
South Africa,ZAF,2001,152450000
South Africa,ZAF,2002,3002500000
South Africa,ZAF,2003,5427890000
South Africa,ZAF,2004,10239540000
South Africa,ZAF,2005,14784040000
South Africa,ZAF,2006,8442190000.000001
South Africa,ZAF,2007,13542100000
South Africa,ZAF,2008,6484060000
South Africa,ZAF,2009,3929910000
South Africa,ZAF,2010,4884500000
South Africa,ZAF,2011,7823190000
South Africa,ZAF,2012,5338550000
South Africa,ZAF,2013,-472820000
South Africa,ZAF,2014,5974260000
South Africa,ZAF,2015,5337750000
South Africa,ZAF,2016,4703320000
South Africa,ZAF,2017,4598560000
South Africa,ZAF,2018,4120939999.9999995
South Africa,ZAF,2019,5238280000
South Africa,ZAF,2020,5134430000
South Africa,ZAF,2021,4080400000
South Sudan,SSD,2011,436830000
South Sudan,SSD,2012,1187020000
South Sudan,SSD,2013,1404610000
South Sudan,SSD,2014,1974860000
South Sudan,SSD,2015,1651370000
South Sudan,SSD,2016,1584480000
South Sudan,SSD,2017,2176250000
South Sudan,SSD,2018,1569940000
South Sudan,SSD,2019,1684850000
South Sudan,SSD,2020,1816260000
South Sudan,SSD,2021,2111530000.0000002
Sri Lanka,LKA,2000,298170000
Sri Lanka,LKA,2001,50330000
Sri Lanka,LKA,2002,323280000
Sri Lanka,LKA,2003,592520000
Sri Lanka,LKA,2004,587780000
Sri Lanka,LKA,2005,1114600000
Sri Lanka,LKA,2006,971540000
Sri Lanka,LKA,2007,759120000
Sri Lanka,LKA,2008,1040180000.0000001
Sri Lanka,LKA,2009,824160000
Sri Lanka,LKA,2010,966090000
Sri Lanka,LKA,2011,983400000
Sri Lanka,LKA,2012,1180990000
Sri Lanka,LKA,2013,1286310000
Sri Lanka,LKA,2014,1268930000
Sri Lanka,LKA,2015,1069819999.9999999
Sri Lanka,LKA,2016,1167960000
Sri Lanka,LKA,2017,842090000
Sri Lanka,LKA,2018,721110000
Sri Lanka,LKA,2019,581090000
Sri Lanka,LKA,2020,406920000
Sri Lanka,LKA,2021,887930000
Sudan,SDN,2000,320340000
Sudan,SDN,2001,179840000
Sudan,SDN,2002,376660000
Sudan,SDN,2003,613470000
Sudan,SDN,2004,1016390000
Sudan,SDN,2005,1850270000
Sudan,SDN,2006,2119469999.9999998
Sudan,SDN,2007,2156750000
Sudan,SDN,2008,2587130000
Sudan,SDN,2009,2396490000
Sudan,SDN,2010,2139739999.9999998
Sudan,SDN,2011,1834430000
Sudan,SDN,2012,1174930000
Sudan,SDN,2013,1564280000
Sudan,SDN,2014,845450000
Sudan,SDN,2015,952600000
Sudan,SDN,2016,1282540000
Sudan,SDN,2017,881810000
Sudan,SDN,2018,968560000
Sudan,SDN,2019,1505370000
Sudan,SDN,2020,2473390000
Sudan,SDN,2021,3617140000
Suriname,SUR,2000,23950000
Suriname,SUR,2001,12690000
Suriname,SUR,2002,62250000
Suriname,SUR,2003,-4270000
Suriname,SUR,2004,22140000
Suriname,SUR,2005,17860000
Suriname,SUR,2006,36580000
Suriname,SUR,2007,70490000
Suriname,SUR,2008,116000000
Suriname,SUR,2009,185360000
Suriname,SUR,2010,130610000.00000001
Suriname,SUR,2011,286590000
Suriname,SUR,2012,90550000
Suriname,SUR,2013,106260000
Suriname,SUR,2014,146060000
Suriname,SUR,2015,64680000.00000001
Suriname,SUR,2016,-12270000
Suriname,SUR,2017,38250000
Suriname,SUR,2018,67750000
Suriname,SUR,2019,251530000
Suriname,SUR,2020,226040000
Suriname,SUR,2021,366690000
Syria,SYR,2000,212160000
Syria,SYR,2001,-25520000
Syria,SYR,2002,-14920000
Syria,SYR,2003,184120000
Syria,SYR,2004,247350000
Syria,SYR,2005,102390000
Syria,SYR,2006,118860000
Syria,SYR,2007,442940000
Syria,SYR,2008,272700000
Syria,SYR,2009,636740000
Syria,SYR,2010,352570000
Syria,SYR,2011,593990000
Syria,SYR,2012,1565330000
Syria,SYR,2013,3529720000
Syria,SYR,2014,3944040000
Syria,SYR,2015,4873450000
Syria,SYR,2016,8864080000
Syria,SYR,2017,10467140000
Syria,SYR,2018,9996190000
Syria,SYR,2019,10110980000
Syria,SYR,2020,10023320000
Syria,SYR,2021,9678830000
Tajikistan,TJK,2000,104770000
Tajikistan,TJK,2001,159430000
Tajikistan,TJK,2002,151610000
Tajikistan,TJK,2003,118420000
Tajikistan,TJK,2004,239540000
Tajikistan,TJK,2005,248410000
Tajikistan,TJK,2006,224090000
Tajikistan,TJK,2007,197790000
Tajikistan,TJK,2008,256620000
Tajikistan,TJK,2009,324450000
Tajikistan,TJK,2010,412560000
Tajikistan,TJK,2011,296070000
Tajikistan,TJK,2012,417950000
Tajikistan,TJK,2013,444120000
Tajikistan,TJK,2014,354890000
Tajikistan,TJK,2015,496900000
Tajikistan,TJK,2016,370980000
Tajikistan,TJK,2017,302300000
Tajikistan,TJK,2018,494650000
Tajikistan,TJK,2019,418860000
Tajikistan,TJK,2020,872270000
Tajikistan,TJK,2021,631240000
Tanzania,TZA,2000,1229310000
Tanzania,TZA,2001,1301620000
Tanzania,TZA,2002,1045020000
Tanzania,TZA,2003,1643300000
Tanzania,TZA,2004,1787730000
Tanzania,TZA,2005,1669020000
Tanzania,TZA,2006,2042400000
Tanzania,TZA,2007,2382990000
Tanzania,TZA,2008,2519150000
Tanzania,TZA,2009,3333280000
Tanzania,TZA,2010,3030810000
Tanzania,TZA,2011,2438850000
Tanzania,TZA,2012,2851510000
Tanzania,TZA,2013,3647250000
Tanzania,TZA,2014,3251080000
Tanzania,TZA,2015,2688700000
Tanzania,TZA,2016,2880810000
Tanzania,TZA,2017,3153530000
Tanzania,TZA,2018,2443110000
Tanzania,TZA,2019,1927890000
Tanzania,TZA,2020,2237420000
Tanzania,TZA,2021,3524310000
Thailand,THA,2000,-1379560000
Thailand,THA,2001,2192400000
Thailand,THA,2002,-3049990000
Thailand,THA,2003,-6637920000
Thailand,THA,2004,1012390000
Thailand,THA,2005,12409270000
Thailand,THA,2006,2821120000
Thailand,THA,2007,4890980000
Thailand,THA,2008,1036990000
Thailand,THA,2009,4017740000
Thailand,THA,2010,6301880000
Thailand,THA,2011,10393780000
Thailand,THA,2012,6699870000
Thailand,THA,2013,8579430000
Thailand,THA,2014,10081080000
Thailand,THA,2015,-2163480000
Thailand,THA,2016,2950900000
Thailand,THA,2017,695960000
Thailand,THA,2018,5613890000
Thailand,THA,2019,7842510000
Thailand,THA,2020,-1030569999.9999999
Thailand,THA,2021,4431590000
Togo,TGO,2000,60330000
Togo,TGO,2001,45790000
Togo,TGO,2002,60150000
Togo,TGO,2003,68300000
Togo,TGO,2004,108840000
Togo,TGO,2005,91900000
Togo,TGO,2006,155990000
Togo,TGO,2007,195480000
Togo,TGO,2008,322970000
Togo,TGO,2009,550180000
Togo,TGO,2010,283800000
Togo,TGO,2011,413410000
Togo,TGO,2012,350060000
Togo,TGO,2013,452090000
Togo,TGO,2014,458820000
Togo,TGO,2015,519789999.99999994
Togo,TGO,2016,152150000
Togo,TGO,2017,382870000
Togo,TGO,2018,428590000
Togo,TGO,2019,334450000
Togo,TGO,2020,493130000
Togo,TGO,2021,559190000
Tokelau,TKL,2000,-54750000
Tokelau,TKL,2001,4630000
Tokelau,TKL,2002,4900000
Tokelau,TKL,2003,6450000
Tokelau,TKL,2004,8440000
Tokelau,TKL,2005,16059999.999999998
Tokelau,TKL,2006,10930000
Tokelau,TKL,2007,12890000
Tokelau,TKL,2008,21640000
Tokelau,TKL,2009,-9110000
Tokelau,TKL,2010,32409999.999999996
Tokelau,TKL,2011,-11350000
Tokelau,TKL,2012,20210000
Tokelau,TKL,2013,29020000
Tokelau,TKL,2014,14690000
Tokelau,TKL,2015,6660000
Tokelau,TKL,2016,14230000
Tokelau,TKL,2017,7250000
Tokelau,TKL,2018,27210000
Tokelau,TKL,2019,19060000
Tokelau,TKL,2020,-106220000
Tokelau,TKL,2021,13760000
Tonga,TON,2000,9890000
Tonga,TON,2001,20760000
Tonga,TON,2002,18950000
Tonga,TON,2003,33920000
Tonga,TON,2004,30400000
Tonga,TON,2005,35070000
Tonga,TON,2006,24520000
Tonga,TON,2007,24340000
Tonga,TON,2008,35600000
Tonga,TON,2009,43590000
Tonga,TON,2010,57080000
Tonga,TON,2011,86690000
Tonga,TON,2012,79350000
Tonga,TON,2013,82510000
Tonga,TON,2014,81580000
Tonga,TON,2015,69690000
Tonga,TON,2016,84940000
Tonga,TON,2017,88470000
Tonga,TON,2018,99900000
Tonga,TON,2019,113620000
Tonga,TON,2020,163070000
Tonga,TON,2021,113040000
Trinidad and Tobago,TTO,2000,125910000
Trinidad and Tobago,TTO,2001,719550000
Trinidad and Tobago,TTO,2002,-55710000
Trinidad and Tobago,TTO,2003,793250000
Trinidad and Tobago,TTO,2004,-68710000
Trinidad and Tobago,TTO,2005,636730000
Trinidad and Tobago,TTO,2006,1761410000
Trinidad and Tobago,TTO,2007,2281880000
Trinidad and Tobago,TTO,2008,2140159999.9999998
Trinidad and Tobago,TTO,2009,1209480000
Trinidad and Tobago,TTO,2010,704400000
Tunisia,TUN,2000,660630000
Tunisia,TUN,2001,1008270000
Tunisia,TUN,2002,565380000
Tunisia,TUN,2003,566960000
Tunisia,TUN,2004,878130000
Tunisia,TUN,2005,517840000.00000006
Tunisia,TUN,2006,34750000
Tunisia,TUN,2007,1471370000
Tunisia,TUN,2008,1755970000
Tunisia,TUN,2009,1144230000
Tunisia,TUN,2010,694910000
Tunisia,TUN,2011,884660000
Tunisia,TUN,2012,2475150000
Tunisia,TUN,2013,1333620000
Tunisia,TUN,2014,1978250000
Tunisia,TUN,2015,1482960000
Tunisia,TUN,2016,1002780000
Tunisia,TUN,2017,2494250000
Tunisia,TUN,2018,1860870000
Tunisia,TUN,2019,1635720000
Tunisia,TUN,2020,1599800000
Tunisia,TUN,2021,1112410000
Turkey,TUR,2000,8724200000
Turkey,TUR,2001,1360110000
Turkey,TUR,2002,-1328560000
Turkey,TUR,2003,2818100000
Turkey,TUR,2004,3551660000
Turkey,TUR,2005,11689100000
Turkey,TUR,2006,17676460000
Turkey,TUR,2007,30510820000
Turkey,TUR,2008,14940080000
Turkey,TUR,2009,6071080000
Turkey,TUR,2010,13085440000
Turkey,TUR,2011,28167670000
Turkey,TUR,2012,17093830000.000002
Turkey,TUR,2013,18122370000
Turkey,TUR,2014,14849290000
Turkey,TUR,2015,12384090000
Turkey,TUR,2016,15338700000
Turkey,TUR,2017,12267080000
Turkey,TUR,2018,7772990000
Turkey,TUR,2019,4730000
Turkey,TUR,2020,4181979999.9999995
Turkey,TUR,2021,3340950000
Turkmenistan,TKM,2000,290220000
Turkmenistan,TKM,2001,45830000
Turkmenistan,TKM,2002,-238220000
Turkmenistan,TKM,2003,-42110000
Turkmenistan,TKM,2004,-73410000
Turkmenistan,TKM,2005,-43740000
Turkmenistan,TKM,2006,112020000
Turkmenistan,TKM,2007,-465600000
Turkmenistan,TKM,2008,-79660000
Turkmenistan,TKM,2009,-57200000
Turkmenistan,TKM,2010,645400000
Turkmenistan,TKM,2011,308260000
Turkmenistan,TKM,2012,-252560000
Turkmenistan,TKM,2013,273830000
Turkmenistan,TKM,2014,1220440000
Turkmenistan,TKM,2015,2358260000
Turkmenistan,TKM,2016,1243730000
Turkmenistan,TKM,2017,666900000
Turkmenistan,TKM,2018,122340000
Turkmenistan,TKM,2019,-1015900000
Turkmenistan,TKM,2020,378340000
Turkmenistan,TKM,2021,-778580000
Turks and Caicos Islands,TCA,2000,-6350000
Turks and Caicos Islands,TCA,2001,300000
Turks and Caicos Islands,TCA,2002,-5730000
Turks and Caicos Islands,TCA,2003,10400000
Turks and Caicos Islands,TCA,2004,-5090000
Turks and Caicos Islands,TCA,2005,135730000
Turks and Caicos Islands,TCA,2006,146020000
Turks and Caicos Islands,TCA,2007,122900000
Tuvalu,TUV,2000,-290000
Tuvalu,TUV,2001,8920000
Tuvalu,TUV,2002,36710000
Tuvalu,TUV,2003,6190000
Tuvalu,TUV,2004,8060000.000000001
Tuvalu,TUV,2005,8320000
Tuvalu,TUV,2006,17900000
Tuvalu,TUV,2007,9960000
Tuvalu,TUV,2008,16710000
Tuvalu,TUV,2009,15850000
Tuvalu,TUV,2010,13820000
Tuvalu,TUV,2011,37900000
Tuvalu,TUV,2012,25650000
Tuvalu,TUV,2013,25830000
Tuvalu,TUV,2014,33880000
Tuvalu,TUV,2015,49850000
Tuvalu,TUV,2016,24690000
Tuvalu,TUV,2017,28670000
Tuvalu,TUV,2018,27550000
Tuvalu,TUV,2019,36670000
Tuvalu,TUV,2020,43070000
Tuvalu,TUV,2021,36010000
Uganda,UGA,2000,830620000
Uganda,UGA,2001,791420000
Uganda,UGA,2002,722470000
Uganda,UGA,2003,1017130000
Uganda,UGA,2004,1208500000
Uganda,UGA,2005,1257960000
Uganda,UGA,2006,1603180000
Uganda,UGA,2007,1834410000
Uganda,UGA,2008,1893330000
Uganda,UGA,2009,2016320000
Uganda,UGA,2010,1857510000
Uganda,UGA,2011,1648630000
Uganda,UGA,2012,1782030000
Uganda,UGA,2013,1836880000
Uganda,UGA,2014,3984320000
Uganda,UGA,2015,2961320000
Uganda,UGA,2016,2158360000
Uganda,UGA,2017,2137020000
Uganda,UGA,2018,2704170000
Uganda,UGA,2019,2372310000
Uganda,UGA,2020,3714410000
Uganda,UGA,2021,2061639999.9999998
Ukraine,UKR,2005,10517260000
Ukraine,UKR,2006,5968690000
Ukraine,UKR,2007,11875480000
Ukraine,UKR,2008,11189940000
Ukraine,UKR,2009,2551020000
Ukraine,UKR,2010,414550000
Ukraine,UKR,2011,445470000
Ukraine,UKR,2012,1109160000
Ukraine,UKR,2013,1986090000
Ukraine,UKR,2014,2316800000
Ukraine,UKR,2015,2558620000
Ukraine,UKR,2016,855300000
Ukraine,UKR,2017,2579380000
Ukraine,UKR,2018,2641120000
Ukraine,UKR,2019,3373920000
Ukraine,UKR,2020,3106180000
Ukraine,UKR,2021,3112350000
Uruguay,URY,2000,502030000
Uruguay,URY,2001,475870000
Uruguay,URY,2002,941730000
Uruguay,URY,2003,-114730000
Uruguay,URY,2004,-197500000
Uruguay,URY,2005,519929999.99999994
Uruguay,URY,2006,1789190000
Uruguay,URY,2007,1838690000
Uruguay,URY,2008,745260000
Uruguay,URY,2009,-23870000
Uruguay,URY,2010,91880000
Uruguay,URY,2011,1119720000
Uruguay,URY,2012,1266970000
Uruguay,URY,2013,436520000
Uruguay,URY,2014,1108860000
Uruguay,URY,2015,1711240000
Uruguay,URY,2016,1531210000
Uruguay,URY,2017,1681110000
Uzbekistan,UZB,2000,447100000
Uzbekistan,UZB,2001,235230000
Uzbekistan,UZB,2002,95630000
Uzbekistan,UZB,2003,173580000
Uzbekistan,UZB,2004,116180000
Uzbekistan,UZB,2005,36830000
Uzbekistan,UZB,2006,-165010000
Uzbekistan,UZB,2007,131270000.00000001
Uzbekistan,UZB,2008,96530000
Uzbekistan,UZB,2009,338350000
Uzbekistan,UZB,2010,253260000
Uzbekistan,UZB,2011,-22230000
Uzbekistan,UZB,2012,532090000.00000006
Uzbekistan,UZB,2013,932800000
Uzbekistan,UZB,2014,590310000
Uzbekistan,UZB,2015,1022040000
Uzbekistan,UZB,2016,1823350000
Uzbekistan,UZB,2017,1457780000
Uzbekistan,UZB,2018,2880360000
Uzbekistan,UZB,2019,3578950000
Uzbekistan,UZB,2020,3760880000
Uzbekistan,UZB,2021,2371180000
Vanuatu,VUT,2000,60270000
Vanuatu,VUT,2001,-376350000
Vanuatu,VUT,2002,23830000
Vanuatu,VUT,2003,32640000
Vanuatu,VUT,2004,21920000
Vanuatu,VUT,2005,52130000
Vanuatu,VUT,2006,79550000
Vanuatu,VUT,2007,47780000
Vanuatu,VUT,2008,156510000
Vanuatu,VUT,2009,176070000
Vanuatu,VUT,2010,141660000
Vanuatu,VUT,2011,71240000
Vanuatu,VUT,2012,190570000
Vanuatu,VUT,2013,135800000
Vanuatu,VUT,2014,116580000
Vanuatu,VUT,2015,182040000
Vanuatu,VUT,2016,130810000
Vanuatu,VUT,2017,134300000
Vanuatu,VUT,2018,130060000
Vanuatu,VUT,2019,143010000
Vanuatu,VUT,2020,173420000
Vanuatu,VUT,2021,238280000
Venezuela,VEN,2000,2609220000
Venezuela,VEN,2001,2636990000
Venezuela,VEN,2002,-2975980000
Venezuela,VEN,2003,84050000
Venezuela,VEN,2004,-427020000
Venezuela,VEN,2005,3608810000
Venezuela,VEN,2006,7342990000
Venezuela,VEN,2007,6196380000
Venezuela,VEN,2008,2553410000
Venezuela,VEN,2009,167680000
Venezuela,VEN,2010,1356610000
Venezuela,VEN,2011,3367050000
Venezuela,VEN,2012,6102110000
Venezuela,VEN,2013,4390980000
Venezuela,VEN,2014,-995160000
Venezuela,VEN,2015,227390000
Venezuela,VEN,2016,-2893430000
Venezuela,VEN,2017,-2226250000
Venezuela,VEN,2018,1377920000
Venezuela,VEN,2019,225710000
Venezuela,VEN,2020,376100000
Venezuela,VEN,2021,2307270000
Vietnam,VNM,2000,1175950000
Vietnam,VNM,2001,1440610000
Vietnam,VNM,2002,1493160000
Vietnam,VNM,2003,2512390000
Vietnam,VNM,2004,2283490000
Vietnam,VNM,2005,2165530000
Vietnam,VNM,2006,3564270000
Vietnam,VNM,2007,5530240000
Vietnam,VNM,2008,6122880000
Vietnam,VNM,2009,6266110000
Vietnam,VNM,2010,7623120000
Vietnam,VNM,2011,8090860000
Vietnam,VNM,2012,9531100000
Vietnam,VNM,2013,13916150000
Vietnam,VNM,2014,9815960000
Vietnam,VNM,2015,8626170000
Vietnam,VNM,2016,8258309999.999999
Vietnam,VNM,2017,5598980000
Vietnam,VNM,2018,7197180000
Vietnam,VNM,2019,8056360000
Vietnam,VNM,2020,4035900000
Vietnam,VNM,2021,4062240000
Wallis and Futuna,WLF,2000,53300000
Wallis and Futuna,WLF,2001,49480000
Wallis and Futuna,WLF,2002,52150000
Wallis and Futuna,WLF,2003,53590000
Wallis and Futuna,WLF,2004,69830000
Wallis and Futuna,WLF,2005,69010000
Wallis and Futuna,WLF,2006,99550000
Wallis and Futuna,WLF,2007,114990000
Wallis and Futuna,WLF,2008,130240000.00000001
Wallis and Futuna,WLF,2009,117110000
Wallis and Futuna,WLF,2010,122370000
Wallis and Futuna,WLF,2011,139100000
Wallis and Futuna,WLF,2012,115690000
Wallis and Futuna,WLF,2013,101640000
Wallis and Futuna,WLF,2014,96650000
Wallis and Futuna,WLF,2015,131130000
Wallis and Futuna,WLF,2016,99010000
Wallis and Futuna,WLF,2017,90860000
Wallis and Futuna,WLF,2018,52210000
Wallis and Futuna,WLF,2019,100200000
Wallis and Futuna,WLF,2020,116600000
Wallis and Futuna,WLF,2021,81020000
Yemen,YEM,2000,337140000
Yemen,YEM,2001,406570000
Yemen,YEM,2002,392000000
Yemen,YEM,2003,398860000
Yemen,YEM,2004,207550000
Yemen,YEM,2005,283320000
Yemen,YEM,2006,879920000
Yemen,YEM,2007,327770000
Yemen,YEM,2008,1395760000
Yemen,YEM,2009,1112910000
Yemen,YEM,2010,-439290000
Yemen,YEM,2011,440510000
Yemen,YEM,2012,676200000
Yemen,YEM,2013,845930000
Yemen,YEM,2014,670730000
Yemen,YEM,2015,1552110000
Yemen,YEM,2016,2035620000
Yemen,YEM,2017,3186450000
Yemen,YEM,2018,8004070000
Yemen,YEM,2019,4043180000
Yemen,YEM,2020,2556300000
Yemen,YEM,2021,3782960000
Zambia,ZMB,2000,700920000
Zambia,ZMB,2001,583600000
Zambia,ZMB,2002,692330000
Zambia,ZMB,2003,649510000
Zambia,ZMB,2004,976200000
Zambia,ZMB,2005,1559580000
Zambia,ZMB,2006,863510000
Zambia,ZMB,2007,1314220000
Zambia,ZMB,2008,1570690000
Zambia,ZMB,2009,1114400000
Zambia,ZMB,2010,790370000
Zambia,ZMB,2011,884440000
Zambia,ZMB,2012,1145150000
Zambia,ZMB,2013,1408010000
Zambia,ZMB,2014,1173580000
Zambia,ZMB,2015,1213470000
Zambia,ZMB,2016,1381090000
Zambia,ZMB,2017,1232480000
Zambia,ZMB,2018,1101340000
Zambia,ZMB,2019,964860000
Zambia,ZMB,2020,758620000
Zambia,ZMB,2021,970200000
Zimbabwe,ZWE,2000,212780000
Zimbabwe,ZWE,2001,187670000
Zimbabwe,ZWE,2002,214670000
Zimbabwe,ZWE,2003,279280000
Zimbabwe,ZWE,2004,339330000
Zimbabwe,ZWE,2005,398960000
Zimbabwe,ZWE,2006,62940000
Zimbabwe,ZWE,2007,483790000
Zimbabwe,ZWE,2008,622490000
Zimbabwe,ZWE,2009,637010000
Zimbabwe,ZWE,2010,743270000
Zimbabwe,ZWE,2011,729620000
Zimbabwe,ZWE,2012,1048630000.0000001
Zimbabwe,ZWE,2013,867830000
Zimbabwe,ZWE,2014,772130000
Zimbabwe,ZWE,2015,840920000
Zimbabwe,ZWE,2016,502750000
Zimbabwe,ZWE,2017,672870000
Zimbabwe,ZWE,2018,745710000
Zimbabwe,ZWE,2019,807460000
Zimbabwe,ZWE,2020,976570000
Zimbabwe,ZWE,2021,961470000