Entity,Code,Year,17.19.1 - Dollar value of all resources made available to strengthen statistical capacity in developing countries (current United States dollars) - SG_STT_CAPTY
Afghanistan,AFG,2011,1526337
Afghanistan,AFG,2012,3674308.2
Afghanistan,AFG,2013,2642500.8
Afghanistan,AFG,2014,1069068
Afghanistan,AFG,2015,479443
Afghanistan,AFG,2016,187486
Afghanistan,AFG,2017,211024.56
Afghanistan,AFG,2018,458272.2
Afghanistan,AFG,2019,1055526.4
Afghanistan,AFG,2020,446283
Algeria,DZA,2011,2153016
Algeria,DZA,2012,819141
Algeria,DZA,2013,875203
Algeria,DZA,2014,555633
Algeria,DZA,2015,275112
Algeria,DZA,2016,26662
Algeria,DZA,2017,447281.44
Algeria,DZA,2018,737657
Algeria,DZA,2019,1461844.1
Algeria,DZA,2020,37650
Angola,AGO,2011,627143
Angola,AGO,2012,4675926
Angola,AGO,2013,483153
Angola,AGO,2014,980517
Angola,AGO,2015,1194725
Angola,AGO,2016,3889858
Angola,AGO,2017,614090.8
Angola,AGO,2018,6484187.5
Angola,AGO,2019,12970251
Angola,AGO,2020,17405920
Anguilla,AIA,2013,22338
Antigua and Barbuda,ATG,2011,44978
Antigua and Barbuda,ATG,2014,20102
Antigua and Barbuda,ATG,2015,227
Antigua and Barbuda,ATG,2016,10821
Antigua and Barbuda,ATG,2017,45668.4
Antigua and Barbuda,ATG,2018,35284.4
Antigua and Barbuda,ATG,2019,35580.29
Antigua and Barbuda,ATG,2020,244025
Argentina,ARG,2011,642361
Argentina,ARG,2012,620707
Argentina,ARG,2013,1371314
Argentina,ARG,2014,896861
Argentina,ARG,2015,442253
Argentina,ARG,2016,57317
Argentina,ARG,2017,18136.72
Argentina,ARG,2018,2540579.5
Argentina,ARG,2019,4362934
Argentina,ARG,2020,4180740
Armenia,ARM,2011,1982013
Armenia,ARM,2012,1148677
Armenia,ARM,2013,1522849
Armenia,ARM,2014,896332
Armenia,ARM,2015,999397.44
Armenia,ARM,2016,1381175
Armenia,ARM,2017,208406.05
Armenia,ARM,2018,283480.8
Armenia,ARM,2019,287595.94
Armenia,ARM,2020,153716
Aruba,ABW,2019,52850.96
Aruba,ABW,2020,27640
Asia (UN),,2011,91586660
Asia (UN),,2012,124641784
Asia (UN),,2013,130581310
Asia (UN),,2014,148673710
Asia (UN),,2015,140401520
Asia (UN),,2016,121798830
Asia (UN),,2017,94916960
Asia (UN),,2018,104539750
Asia (UN),,2019,115543650
Asia (UN),,2020,86421930
Australia and New Zealand (UN),,2018,47667.41
Austria,AUT,2017,4692.23
Azerbaijan,AZE,2011,78574
Azerbaijan,AZE,2012,118493
Azerbaijan,AZE,2013,2696952
Azerbaijan,AZE,2014,1069536
Azerbaijan,AZE,2015,2064403
Azerbaijan,AZE,2016,2448946
Azerbaijan,AZE,2017,803870.2
Azerbaijan,AZE,2018,1113840.9
Azerbaijan,AZE,2019,2886690.5
Azerbaijan,AZE,2020,1029637
Bahamas,BHS,2017,138254.39
Bahamas,BHS,2018,64576.71
Bahamas,BHS,2019,19585.96
Bahamas,BHS,2020,43175
Bahrain,BHR,2020,22340
Bangladesh,BGD,2011,7273684
Bangladesh,BGD,2012,3263195
Bangladesh,BGD,2013,2654578
Bangladesh,BGD,2014,6819288
Bangladesh,BGD,2015,22283392
Bangladesh,BGD,2016,4110711
Bangladesh,BGD,2017,1951379.5
Bangladesh,BGD,2018,5196853.5
Bangladesh,BGD,2019,3451462.2
Bangladesh,BGD,2020,2261887
Barbados,BRB,2017,61349.45
Barbados,BRB,2018,147169.58
Barbados,BRB,2019,278086.97
Barbados,BRB,2020,156268
Belarus,BLR,2011,26591
Belarus,BLR,2012,251624
Belarus,BLR,2013,89408
Belarus,BLR,2014,101
Belarus,BLR,2015,44024
Belarus,BLR,2016,2748
Belarus,BLR,2017,13372.53
Belarus,BLR,2018,112695
Belarus,BLR,2019,651940.25
Belarus,BLR,2020,1256833
Belize,BLZ,2011,401975
Belize,BLZ,2012,122932
Belize,BLZ,2013,86764
Belize,BLZ,2014,32138
Belize,BLZ,2015,35108
Belize,BLZ,2016,116608
Belize,BLZ,2017,315922
Belize,BLZ,2018,1325569.2
Belize,BLZ,2019,564636.94
Belize,BLZ,2020,934524
Benin,BEN,2011,2332359
Benin,BEN,2012,1461480
Benin,BEN,2013,2296309
Benin,BEN,2014,293453
Benin,BEN,2015,663200
Benin,BEN,2016,465092
Benin,BEN,2017,2681290
Benin,BEN,2018,3103825
Benin,BEN,2019,2638350.8
Benin,BEN,2020,1980289
Bermuda,BMU,2017,61132.62
Bermuda,BMU,2018,37268.2
Bermuda,BMU,2019,22630.89
Bermuda,BMU,2020,13301
Bhutan,BTN,2011,491535
Bhutan,BTN,2012,6647416
Bhutan,BTN,2013,782965
Bhutan,BTN,2014,426199
Bhutan,BTN,2015,39904
Bhutan,BTN,2016,123343
Bhutan,BTN,2017,512335.25
Bhutan,BTN,2018,158371.84
Bhutan,BTN,2019,91493.7
Bhutan,BTN,2020,31306
Bolivia,BOL,2011,2435843
Bolivia,BOL,2012,19408116
Bolivia,BOL,2013,21996028
Bolivia,BOL,2014,6144745.5
Bolivia,BOL,2015,5281297
Bolivia,BOL,2016,12179745
Bolivia,BOL,2017,1295718
Bolivia,BOL,2018,2183677.5
Bolivia,BOL,2019,3389053.8
Bolivia,BOL,2020,697638
Bosnia and Herzegovina,BIH,2011,6702484
Bosnia and Herzegovina,BIH,2012,4286790
Bosnia and Herzegovina,BIH,2013,10461863
Bosnia and Herzegovina,BIH,2014,5108710
Bosnia and Herzegovina,BIH,2015,1503906
Bosnia and Herzegovina,BIH,2016,1705836
Bosnia and Herzegovina,BIH,2017,2394915
Bosnia and Herzegovina,BIH,2018,1090551.2
Bosnia and Herzegovina,BIH,2019,2545062.8
Bosnia and Herzegovina,BIH,2020,1109141
Botswana,BWA,2011,174875
Botswana,BWA,2012,729504
Botswana,BWA,2013,50231
Botswana,BWA,2014,3870
Botswana,BWA,2015,95467
Botswana,BWA,2016,5118
Botswana,BWA,2017,102984.14
Botswana,BWA,2018,118366.01
Botswana,BWA,2019,202627.38
Botswana,BWA,2020,229096
Brazil,BRA,2011,2550638
Brazil,BRA,2012,3034646
Brazil,BRA,2013,750955
Brazil,BRA,2014,219205
Brazil,BRA,2015,216924
Brazil,BRA,2016,111184
Brazil,BRA,2017,1431731
Brazil,BRA,2018,2407383
Brazil,BRA,2019,1560106
Brazil,BRA,2020,4169391
British Virgin Islands,VGB,2017,16846.97
Brunei,BRN,2019,40165.66
Brunei,BRN,2020,54155
Burkina Faso,BFA,2011,1258563.6
Burkina Faso,BFA,2012,1505559
Burkina Faso,BFA,2013,4126689.2
Burkina Faso,BFA,2014,4218069
Burkina Faso,BFA,2015,3684165
Burkina Faso,BFA,2016,4929026.5
Burkina Faso,BFA,2017,16301591
Burkina Faso,BFA,2018,3746046.2
Burkina Faso,BFA,2019,4259856.5
Burkina Faso,BFA,2020,2959879
Burundi,BDI,2011,903716
Burundi,BDI,2012,708719
Burundi,BDI,2013,704820.6
Burundi,BDI,2014,214776
Burundi,BDI,2015,198195
Burundi,BDI,2016,3604942
Burundi,BDI,2017,1010462
Burundi,BDI,2018,462307
Burundi,BDI,2019,895662.1
Burundi,BDI,2020,272289
Cambodia,KHM,2011,2900026
Cambodia,KHM,2012,4118871
Cambodia,KHM,2013,5654854
Cambodia,KHM,2014,3977541.5
Cambodia,KHM,2015,2619762
Cambodia,KHM,2016,1368142
Cambodia,KHM,2017,938262.6
Cambodia,KHM,2018,639547.06
Cambodia,KHM,2019,1693078.4
Cambodia,KHM,2020,833765
Cameroon,CMR,2011,959302
Cameroon,CMR,2012,954918
Cameroon,CMR,2013,1745908
Cameroon,CMR,2014,1000953
Cameroon,CMR,2015,2172607
Cameroon,CMR,2016,2373047.2
Cameroon,CMR,2017,2369592
Cameroon,CMR,2018,3466548.8
Cameroon,CMR,2019,7473514
Cameroon,CMR,2020,6921286
Cape Verde,CPV,2011,301271
Cape Verde,CPV,2012,152582
Cape Verde,CPV,2013,2502315.5
Cape Verde,CPV,2014,604470
Cape Verde,CPV,2015,595219.9
Cape Verde,CPV,2016,179672
Cape Verde,CPV,2017,277559.97
Cape Verde,CPV,2018,318384.62
Cape Verde,CPV,2019,2681918.5
Cape Verde,CPV,2020,2028319
Cayman Islands,CYM,2017,21171.86
Cayman Islands,CYM,2018,13359.9
Cayman Islands,CYM,2019,34642.05
Central African Republic,CAF,2011,76167
Central African Republic,CAF,2012,140553
Central African Republic,CAF,2013,3923095.8
Central African Republic,CAF,2014,5878865
Central African Republic,CAF,2015,1275662
Central African Republic,CAF,2016,3107495
Central African Republic,CAF,2017,1031169.06
Central African Republic,CAF,2018,2474920.2
Central African Republic,CAF,2019,1089968
Central African Republic,CAF,2020,2253710
Central and Southern Asia (UN),,2011,31628380
Central and Southern Asia (UN),,2012,64697276
Central and Southern Asia (UN),,2013,32155848
Central and Southern Asia (UN),,2014,59392160
Central and Southern Asia (UN),,2015,53778576
Central and Southern Asia (UN),,2016,46789920
Central and Southern Asia (UN),,2017,29979664
Central and Southern Asia (UN),,2018,37284004
Central and Southern Asia (UN),,2019,36761668
Central and Southern Asia (UN),,2020,23704432
Chad,TCD,2011,401455
Chad,TCD,2012,223886
Chad,TCD,2013,1019925.44
Chad,TCD,2014,325805
Chad,TCD,2015,500353.06
Chad,TCD,2016,1265131
Chad,TCD,2017,1913527.1
Chad,TCD,2018,5307212.5
Chad,TCD,2019,3524865.8
Chad,TCD,2020,3621603
Chile,CHL,2011,107582
Chile,CHL,2012,30367
Chile,CHL,2013,938665.25
Chile,CHL,2014,108703
Chile,CHL,2015,30508
Chile,CHL,2016,61886
Chile,CHL,2017,117486
Chile,CHL,2020,14669
China,CHN,2011,2527124
China,CHN,2012,2630577
China,CHN,2013,1254099
China,CHN,2014,3487078
China,CHN,2015,1436228
China,CHN,2016,2074860
China,CHN,2017,7592299
China,CHN,2018,3767407
China,CHN,2019,4075799.2
China,CHN,2020,3169476
Colombia,COL,2011,412251
Colombia,COL,2012,364274
Colombia,COL,2013,542753.56
Colombia,COL,2014,1337752.9
Colombia,COL,2015,1255315.2
Colombia,COL,2016,750686
Colombia,COL,2017,767519.56
Colombia,COL,2018,532498.4
Colombia,COL,2019,1644100.9
Colombia,COL,2020,8004243
Comoros,COM,2011,117258
Comoros,COM,2012,2875
Comoros,COM,2013,158119
Comoros,COM,2014,618
Comoros,COM,2015,193455
Comoros,COM,2016,429432.78
Comoros,COM,2017,379900.4
Comoros,COM,2018,1491989.6
Comoros,COM,2019,685521.7
Comoros,COM,2020,539262
Congo,COG,2011,150445
Congo,COG,2012,172348
Congo,COG,2013,3153558.5
Congo,COG,2014,659578.5
Congo,COG,2015,593232
Congo,COG,2016,1680271
Congo,COG,2017,111791.55
Congo,COG,2018,1663877.4
Congo,COG,2019,2110427
Congo,COG,2020,13495394
Cook Islands,COK,2011,150971
Cook Islands,COK,2012,207555
Cook Islands,COK,2013,292359
Cook Islands,COK,2014,67643
Cook Islands,COK,2015,187378
Cook Islands,COK,2016,81420
Cook Islands,COK,2017,99593.2
Cook Islands,COK,2018,53732.61
Cook Islands,COK,2019,157764.19
Cook Islands,COK,2020,45937
Costa Rica,CRI,2011,9220065
Costa Rica,CRI,2012,7695528
Costa Rica,CRI,2013,3104438
Costa Rica,CRI,2014,1550865
Costa Rica,CRI,2015,104029
Costa Rica,CRI,2016,655702
Costa Rica,CRI,2017,842496.75
Costa Rica,CRI,2018,911801.2
Costa Rica,CRI,2019,612514
Costa Rica,CRI,2020,187574
Cote d'Ivoire,CIV,2011,340274
Cote d'Ivoire,CIV,2012,284846
Cote d'Ivoire,CIV,2013,356995
Cote d'Ivoire,CIV,2014,2098662
Cote d'Ivoire,CIV,2015,1934094
Cote d'Ivoire,CIV,2016,7765605
Cote d'Ivoire,CIV,2017,1645958.6
Cote d'Ivoire,CIV,2018,1878114.2
Cote d'Ivoire,CIV,2019,1224829
Cote d'Ivoire,CIV,2020,1364986
Cuba,CUB,2011,273698
Cuba,CUB,2012,30001
Cuba,CUB,2013,167448.45
Cuba,CUB,2014,314392.56
Cuba,CUB,2015,264582
Cuba,CUB,2016,1147266
Cuba,CUB,2017,54027.82
Cuba,CUB,2018,172458
Cuba,CUB,2019,184186
Cuba,CUB,2020,223627
Curacao,CUW,2018,13458.69
Curacao,CUW,2019,36566.84
Democratic Republic of Congo,COD,2011,4882551
Democratic Republic of Congo,COD,2012,3162997
Democratic Republic of Congo,COD,2013,1070715
Democratic Republic of Congo,COD,2014,4801970
Democratic Republic of Congo,COD,2015,3115831
Democratic Republic of Congo,COD,2016,7514270
Democratic Republic of Congo,COD,2017,7113380.5
Democratic Republic of Congo,COD,2018,10032367
Democratic Republic of Congo,COD,2019,10978993
Democratic Republic of Congo,COD,2020,8459958
Djibouti,DJI,2011,252016
Djibouti,DJI,2012,124756
Djibouti,DJI,2013,17421
Djibouti,DJI,2014,58247
Djibouti,DJI,2015,33702
Djibouti,DJI,2016,109992
Djibouti,DJI,2017,188678.39
Djibouti,DJI,2018,141470.66
Djibouti,DJI,2019,252899.44
Djibouti,DJI,2020,834277
Dominica,DMA,2011,90306
Dominica,DMA,2012,53439
Dominica,DMA,2013,64239
Dominica,DMA,2016,1071
Dominica,DMA,2017,42312.14
Dominica,DMA,2018,19707.69
Dominica,DMA,2019,32601.11
Dominica,DMA,2020,95211
Dominican Republic,DOM,2011,4875078
Dominican Republic,DOM,2012,103074
Dominican Republic,DOM,2013,3437187
Dominican Republic,DOM,2014,1796174
Dominican Republic,DOM,2015,968469
Dominican Republic,DOM,2016,9797952
Dominican Republic,DOM,2017,1634941.5
Dominican Republic,DOM,2018,446007.88
Dominican Republic,DOM,2019,813818.4
Dominican Republic,DOM,2020,414175
East Timor,TLS,2011,923788
East Timor,TLS,2012,404321
East Timor,TLS,2013,1494043
East Timor,TLS,2014,1317172.1
East Timor,TLS,2015,1302938
East Timor,TLS,2016,527354
East Timor,TLS,2017,1487172
East Timor,TLS,2018,3708449.8
East Timor,TLS,2019,797119.1
East Timor,TLS,2020,470137
Eastern and South-Eastern Asia (UN),,2011,14329798
Eastern and South-Eastern Asia (UN),,2012,16826818
Eastern and South-Eastern Asia (UN),,2013,40811270
Eastern and South-Eastern Asia (UN),,2014,43168060
Eastern and South-Eastern Asia (UN),,2015,41222264
Eastern and South-Eastern Asia (UN),,2016,41258256
Eastern and South-Eastern Asia (UN),,2017,39815870
Eastern and South-Eastern Asia (UN),,2018,32310630
Eastern and South-Eastern Asia (UN),,2019,38150920
Eastern and South-Eastern Asia (UN),,2020,28502320
Ecuador,ECU,2011,11086595
Ecuador,ECU,2012,20538044
Ecuador,ECU,2013,26999924
Ecuador,ECU,2014,13755749
Ecuador,ECU,2015,385231
Ecuador,ECU,2016,415674
Ecuador,ECU,2017,1017228.6
Ecuador,ECU,2018,1245228
Ecuador,ECU,2019,1445083
Ecuador,ECU,2020,3002902
Egypt,EGY,2011,296385
Egypt,EGY,2012,2568102
Egypt,EGY,2013,1870075
Egypt,EGY,2014,5767556
Egypt,EGY,2015,1527430
Egypt,EGY,2016,11030520
Egypt,EGY,2017,946525.1
Egypt,EGY,2018,917449.7
Egypt,EGY,2019,1223311.2
Egypt,EGY,2020,279532
El Salvador,SLV,2011,442362
El Salvador,SLV,2012,367103
El Salvador,SLV,2013,249835.33
El Salvador,SLV,2014,555265.3
El Salvador,SLV,2015,364854
El Salvador,SLV,2016,357529
El Salvador,SLV,2017,586831.94
El Salvador,SLV,2018,324958.47
El Salvador,SLV,2019,628771.9
El Salvador,SLV,2020,451284
Equatorial Guinea,GNQ,2011,263095
Equatorial Guinea,GNQ,2012,2941745.8
Equatorial Guinea,GNQ,2013,680113.06
Equatorial Guinea,GNQ,2014,3126278.5
Equatorial Guinea,GNQ,2015,31681
Equatorial Guinea,GNQ,2016,127084.72
Equatorial Guinea,GNQ,2017,95663.06
Equatorial Guinea,GNQ,2018,195163.78
Equatorial Guinea,GNQ,2019,81091.24
Equatorial Guinea,GNQ,2020,95426
Eritrea,ERI,2011,211916
Eritrea,ERI,2012,52859
Eritrea,ERI,2013,2119788
Eritrea,ERI,2014,176263
Eritrea,ERI,2015,185254
Eritrea,ERI,2016,2864135
Eritrea,ERI,2017,68221.11
Eritrea,ERI,2018,153222
Eritrea,ERI,2019,265121.8
Eritrea,ERI,2020,45358
Estonia,EST,2020,16809
Eswatini,SWZ,2011,545044
Eswatini,SWZ,2012,862520
Eswatini,SWZ,2013,2038241.4
Eswatini,SWZ,2014,751512.44
Eswatini,SWZ,2015,612058
Eswatini,SWZ,2016,159254
Eswatini,SWZ,2017,259440.44
Eswatini,SWZ,2018,482776.7
Eswatini,SWZ,2019,2370472
Eswatini,SWZ,2020,153351
Ethiopia,ETH,2011,5361965
Ethiopia,ETH,2012,2741636
Ethiopia,ETH,2013,2456992
Ethiopia,ETH,2014,5023827
Ethiopia,ETH,2015,4440934
Ethiopia,ETH,2016,3261878
Ethiopia,ETH,2017,7776233
Ethiopia,ETH,2018,6933954.5
Ethiopia,ETH,2019,4031324.8
Ethiopia,ETH,2020,5779402
Europe (UN),,2011,41056416
Europe (UN),,2012,37459828
Europe (UN),,2013,41920500
Europe (UN),,2014,22093908
Europe (UN),,2015,16474300
Europe (UN),,2016,22992746
Europe (UN),,2017,13177574
Europe (UN),,2018,22429700
Europe (UN),,2019,20890576
Europe (UN),,2020,27327576
Europe and Northern America (UN),,2011,41056416
Europe and Northern America (UN),,2012,37462230
Europe and Northern America (UN),,2013,41920500
Europe and Northern America (UN),,2014,22093908
Europe and Northern America (UN),,2015,16474300
Europe and Northern America (UN),,2016,22992746
Europe and Northern America (UN),,2017,13238707
Europe and Northern America (UN),,2018,22466968
Europe and Northern America (UN),,2019,20913206
Europe and Northern America (UN),,2020,27340876
Fiji,FJI,2011,166397
Fiji,FJI,2012,432839
Fiji,FJI,2013,329008
Fiji,FJI,2014,144317
Fiji,FJI,2015,294479
Fiji,FJI,2016,120871
Fiji,FJI,2017,39534.43
Fiji,FJI,2018,470892.47
Fiji,FJI,2019,447480.03
Fiji,FJI,2020,148279
Gabon,GAB,2011,45643
Gabon,GAB,2012,280582
Gabon,GAB,2013,72078
Gabon,GAB,2014,2913
Gabon,GAB,2015,5255
Gabon,GAB,2016,105124
Gabon,GAB,2017,5955986.5
Gabon,GAB,2018,3931244
Gabon,GAB,2019,4031009
Gabon,GAB,2020,8352710
Gambia,GMB,2011,389445
Gambia,GMB,2012,769130
Gambia,GMB,2013,10583502
Gambia,GMB,2014,1008375
Gambia,GMB,2015,414124
Gambia,GMB,2016,2117632.8
Gambia,GMB,2017,299571.3
Gambia,GMB,2018,315588.53
Gambia,GMB,2019,2910085
Gambia,GMB,2020,271820
Georgia,GEO,2011,284173
Georgia,GEO,2012,845554
Georgia,GEO,2013,1869690
Georgia,GEO,2014,1119234
Georgia,GEO,2015,564756
Georgia,GEO,2016,523610
Georgia,GEO,2017,632582.06
Georgia,GEO,2018,1026722.56
Georgia,GEO,2019,1378391.2
Georgia,GEO,2020,1628371
Ghana,GHA,2011,2209566
Ghana,GHA,2012,5813372
Ghana,GHA,2013,5547241
Ghana,GHA,2014,9988871
Ghana,GHA,2015,9472534
Ghana,GHA,2016,10183148
Ghana,GHA,2017,1101262
Ghana,GHA,2018,3072856
Ghana,GHA,2019,2260735.2
Ghana,GHA,2020,18499556
Greece,GRC,2017,108474.86
Greece,GRC,2018,42921.44
Grenada,GRD,2011,53992
Grenada,GRD,2013,11145
Grenada,GRD,2015,97783.59
Grenada,GRD,2017,72732.68
Grenada,GRD,2018,31059.52
Grenada,GRD,2019,82047.5
Grenada,GRD,2020,179778
Guatemala,GTM,2011,1093705
Guatemala,GTM,2012,1090400
Guatemala,GTM,2013,514404.16
Guatemala,GTM,2014,2690825
Guatemala,GTM,2015,2104098
Guatemala,GTM,2016,1341509.2
Guatemala,GTM,2017,1525807.6
Guatemala,GTM,2018,1529614.9
Guatemala,GTM,2019,1470834.1
Guatemala,GTM,2020,1295197
Guinea,GIN,2011,820627
Guinea,GIN,2012,4172182
Guinea,GIN,2013,1802776
Guinea,GIN,2014,3259025
Guinea,GIN,2015,2558033
Guinea,GIN,2016,3617661
Guinea,GIN,2017,466180.34
Guinea,GIN,2018,4405379.5
Guinea,GIN,2019,3076382
Guinea,GIN,2020,1760655
Guinea-Bissau,GNB,2011,74516
Guinea-Bissau,GNB,2012,47743
Guinea-Bissau,GNB,2013,92468
Guinea-Bissau,GNB,2014,628135
Guinea-Bissau,GNB,2015,138810
Guinea-Bissau,GNB,2016,119552
Guinea-Bissau,GNB,2017,681132.44
Guinea-Bissau,GNB,2018,431047.5
Guinea-Bissau,GNB,2019,871105.6
Guinea-Bissau,GNB,2020,482459
Guyana,GUY,2011,340271
Guyana,GUY,2012,46056
Guyana,GUY,2013,88328
Guyana,GUY,2014,1006739
Guyana,GUY,2015,228596.97
Guyana,GUY,2016,803387
Guyana,GUY,2017,1379809.1
Guyana,GUY,2018,809725.8
Guyana,GUY,2019,85232.02
Guyana,GUY,2020,229629
Haiti,HTI,2011,1871571
Haiti,HTI,2012,1250721
Haiti,HTI,2013,3264720.8
Haiti,HTI,2014,1097036.1
Haiti,HTI,2015,757963
Haiti,HTI,2016,7835773
Haiti,HTI,2017,5818162.5
Haiti,HTI,2018,17359254
Haiti,HTI,2019,8254404
Haiti,HTI,2020,5426341
Honduras,HND,2011,1588557
Honduras,HND,2012,8454312
Honduras,HND,2013,12715920
Honduras,HND,2014,1742078
Honduras,HND,2015,3093698
Honduras,HND,2016,2246933
Honduras,HND,2017,395463.97
Honduras,HND,2018,496072.56
Honduras,HND,2019,462722.88
Honduras,HND,2020,191963
India,IND,2011,3133147
India,IND,2012,503670
India,IND,2013,1391645.8
India,IND,2014,10207217
India,IND,2015,12789173
India,IND,2016,3924899
India,IND,2017,1653958.5
India,IND,2018,6837112
India,IND,2019,9292377
India,IND,2020,4995897
Indonesia,IDN,2011,1041007
Indonesia,IDN,2012,3403963
Indonesia,IDN,2013,2694920
Indonesia,IDN,2014,4963825
Indonesia,IDN,2015,4077246
Indonesia,IDN,2016,5749312
Indonesia,IDN,2017,3142507
Indonesia,IDN,2018,1525357.2
Indonesia,IDN,2019,3421653.2
Indonesia,IDN,2020,2227705
Iran,IRN,2011,620753
Iran,IRN,2012,376295
Iran,IRN,2013,33234
Iran,IRN,2014,25532
Iran,IRN,2015,573434
Iran,IRN,2016,24949
Iran,IRN,2017,227405.66
Iran,IRN,2018,14316
Iran,IRN,2019,22945.59
Iran,IRN,2020,97467
Iraq,IRQ,2011,1320151
Iraq,IRQ,2012,872597
Iraq,IRQ,2013,4332359
Iraq,IRQ,2014,522630
Iraq,IRQ,2015,1967227
Iraq,IRQ,2016,1117154
Iraq,IRQ,2017,527218.06
Iraq,IRQ,2018,2585124.2
Iraq,IRQ,2019,1914332.1
Iraq,IRQ,2020,1405402
Jamaica,JAM,2011,583668
Jamaica,JAM,2012,1727844
Jamaica,JAM,2013,1285117
Jamaica,JAM,2014,290284
Jamaica,JAM,2015,142731
Jamaica,JAM,2016,100821
Jamaica,JAM,2017,375714.12
Jamaica,JAM,2018,2085287.8
Jamaica,JAM,2019,5846621
Jamaica,JAM,2020,6657290
Jordan,JOR,2011,1343204
Jordan,JOR,2012,600849
Jordan,JOR,2013,5031190
Jordan,JOR,2014,1820486
Jordan,JOR,2015,7258859
Jordan,JOR,2016,4326645
Jordan,JOR,2017,4579793.5
Jordan,JOR,2018,2798016.5
Jordan,JOR,2019,2690813.5
Jordan,JOR,2020,399224
Kazakhstan,KAZ,2011,240791
Kazakhstan,KAZ,2012,2207274
Kazakhstan,KAZ,2013,3292811
Kazakhstan,KAZ,2014,3288074
Kazakhstan,KAZ,2015,6365363
Kazakhstan,KAZ,2016,4827397
Kazakhstan,KAZ,2017,1793454.5
Kazakhstan,KAZ,2018,291409.66
Kazakhstan,KAZ,2019,127374.91
Kazakhstan,KAZ,2020,120603
Kenya,KEN,2011,5089142
Kenya,KEN,2012,7324752
Kenya,KEN,2013,2250690
Kenya,KEN,2014,7395338
Kenya,KEN,2015,4132846
Kenya,KEN,2016,16955104
Kenya,KEN,2017,4760691
Kenya,KEN,2018,12316244
Kenya,KEN,2019,11751065
Kenya,KEN,2020,13781251
Kiribati,KIR,2011,150971
Kiribati,KIR,2012,195049
Kiribati,KIR,2013,201663
Kiribati,KIR,2014,31495
Kiribati,KIR,2015,334866
Kiribati,KIR,2016,92605
Kiribati,KIR,2017,794992.06
Kiribati,KIR,2018,499270.94
Kiribati,KIR,2019,301642.62
Kiribati,KIR,2020,84450
Kuwait,KWT,2012,2345.27
Kuwait,KWT,2017,30417.38
Kuwait,KWT,2018,44232.93
Kuwait,KWT,2019,36009.85
Kuwait,KWT,2020,87143
Kyrgyzstan,KGZ,2011,1564446
Kyrgyzstan,KGZ,2012,2747225
Kyrgyzstan,KGZ,2013,7658749
Kyrgyzstan,KGZ,2014,2380584
Kyrgyzstan,KGZ,2015,954809
Kyrgyzstan,KGZ,2016,2347182
Kyrgyzstan,KGZ,2017,2717976.5
Kyrgyzstan,KGZ,2018,505776.06
Kyrgyzstan,KGZ,2019,1449762.9
Kyrgyzstan,KGZ,2020,640679
Laos,LAO,2011,2284589
Laos,LAO,2012,1342648
Laos,LAO,2013,406112
Laos,LAO,2014,479415
Laos,LAO,2015,159783
Laos,LAO,2016,12664012
Laos,LAO,2017,9534066
Laos,LAO,2018,9405704
Laos,LAO,2019,9654745
Laos,LAO,2020,2568461
Latin America and the Caribbean (UN),,2011,51513840
Latin America and the Caribbean (UN),,2012,83573700
Latin America and the Caribbean (UN),,2013,82331570
Latin America and the Caribbean (UN),,2014,37975708
Latin America and the Caribbean (UN),,2015,32090456
Latin America and the Caribbean (UN),,2016,47639750
Latin America and the Caribbean (UN),,2017,35153000
Latin America and the Caribbean (UN),,2018,44455524
Latin America and the Caribbean (UN),,2019,47126136
Latin America and the Caribbean (UN),,2020,50221040
Least Developed Countries (LDCs),,2011,108614210
Least Developed Countries (LDCs),,2012,112567736
Least Developed Countries (LDCs),,2013,171099170
Least Developed Countries (LDCs),,2014,132056410
Least Developed Countries (LDCs),,2015,130244370
Least Developed Countries (LDCs),,2016,151119540
Least Developed Countries (LDCs),,2017,175511070
Least Developed Countries (LDCs),,2018,245541090
Least Developed Countries (LDCs),,2019,181407740
Least Developed Countries (LDCs),,2020,153299310
Lebanon,LBN,2011,656184
Lebanon,LBN,2012,90023
Lebanon,LBN,2013,767046
Lebanon,LBN,2014,2349227
Lebanon,LBN,2015,18113
Lebanon,LBN,2016,510463
Lebanon,LBN,2017,2776647.5
Lebanon,LBN,2018,2031871.6
Lebanon,LBN,2019,2962389
Lebanon,LBN,2020,2415849
Lesotho,LSO,2011,315629
Lesotho,LSO,2012,400753
Lesotho,LSO,2013,4390264
Lesotho,LSO,2014,206058
Lesotho,LSO,2015,241848
Lesotho,LSO,2016,860489
Lesotho,LSO,2017,667659.6
Lesotho,LSO,2018,1402987
Lesotho,LSO,2019,1191574
Lesotho,LSO,2020,723407
Liberia,LBR,2011,60437
Liberia,LBR,2012,196628
Liberia,LBR,2013,2246821.8
Liberia,LBR,2014,3683124.5
Liberia,LBR,2015,2135643
Liberia,LBR,2016,2539545
Liberia,LBR,2017,539862.9
Liberia,LBR,2018,5256274.5
Liberia,LBR,2019,3204702.8
Liberia,LBR,2020,1337897
Libya,LBY,2012,157869
Libya,LBY,2013,148740
Libya,LBY,2015,129114.62
Libya,LBY,2016,77947
Libya,LBY,2017,3692047.5
Libya,LBY,2018,75665
Libya,LBY,2019,59778.18
Libya,LBY,2020,13715
Madagascar,MDG,2011,856154
Madagascar,MDG,2012,2317989
Madagascar,MDG,2013,2480276
Madagascar,MDG,2014,1364982
Madagascar,MDG,2015,1600783
Madagascar,MDG,2016,1078482.1
Madagascar,MDG,2017,10207872
Madagascar,MDG,2018,28564750
Madagascar,MDG,2019,1890646.5
Madagascar,MDG,2020,2087586
Malawi,MWI,2011,4093423
Malawi,MWI,2012,2784874.5
Malawi,MWI,2013,5544985
Malawi,MWI,2014,3780800
Malawi,MWI,2015,3359109
Malawi,MWI,2016,5563826
Malawi,MWI,2017,1764534.9
Malawi,MWI,2018,12178792
Malawi,MWI,2019,4264223.5
Malawi,MWI,2020,6540500
Malaysia,MYS,2011,49004
Malaysia,MYS,2012,97767
Malaysia,MYS,2013,34476
Malaysia,MYS,2014,106262
Malaysia,MYS,2015,135664
Malaysia,MYS,2016,71712
Malaysia,MYS,2017,246501
Malaysia,MYS,2018,211309.56
Malaysia,MYS,2019,303109.97
Malaysia,MYS,2020,385125
Maldives,MDV,2011,378917
Maldives,MDV,2012,-17718
Maldives,MDV,2013,2287
Maldives,MDV,2014,198715
Maldives,MDV,2015,6101
Maldives,MDV,2016,196705
Maldives,MDV,2017,205162.45
Maldives,MDV,2018,804311.06
Maldives,MDV,2019,671319.9
Maldives,MDV,2020,242258
Mali,MLI,2011,2743089
Mali,MLI,2012,768342
Mali,MLI,2013,3110149.8
Mali,MLI,2014,7769730
Mali,MLI,2015,3223413
Mali,MLI,2016,4553614
Mali,MLI,2017,4818667
Mali,MLI,2018,9200146
Mali,MLI,2019,11930683
Mali,MLI,2020,10546667
Marshall Islands,MHL,2011,150971
Marshall Islands,MHL,2012,195049
Marshall Islands,MHL,2013,218334
Marshall Islands,MHL,2014,31495
Marshall Islands,MHL,2015,187378
Marshall Islands,MHL,2016,270809
Marshall Islands,MHL,2017,232633.66
Marshall Islands,MHL,2018,392165.53
Marshall Islands,MHL,2019,265064
Marshall Islands,MHL,2020,155220
Mauritania,MRT,2011,563905
Mauritania,MRT,2012,1577369
Mauritania,MRT,2013,1249294
Mauritania,MRT,2014,484678
Mauritania,MRT,2015,975991.6
Mauritania,MRT,2016,237866
Mauritania,MRT,2017,207035.06
Mauritania,MRT,2018,468360.3
Mauritania,MRT,2019,396783.47
Mauritania,MRT,2020,247361
Mauritius,MUS,2012,114382
Mauritius,MUS,2013,40872
Mauritius,MUS,2014,45367.6
Mauritius,MUS,2015,134983.86
Mauritius,MUS,2016,32329
Mauritius,MUS,2017,118716.08
Mauritius,MUS,2018,155408.58
Mauritius,MUS,2019,327689.1
Mauritius,MUS,2020,119748
Mexico,MEX,2011,234639
Mexico,MEX,2012,699806
Mexico,MEX,2013,190735.42
Mexico,MEX,2014,175384.5
Mexico,MEX,2015,201248
Mexico,MEX,2016,406456.8
Mexico,MEX,2017,180719.02
Mexico,MEX,2018,264967
Mexico,MEX,2019,353722
Mexico,MEX,2020,450965
Micronesia (country),FSM,2011,184992
Micronesia (country),FSM,2012,227780
Micronesia (country),FSM,2013,201663
Micronesia (country),FSM,2014,31495
Micronesia (country),FSM,2015,187378
Micronesia (country),FSM,2016,171683.38
Micronesia (country),FSM,2017,83676.67
Micronesia (country),FSM,2018,4642
Micronesia (country),FSM,2019,5930.56
Micronesia (country),FSM,2020,13196
Moldova,MDA,2011,1705887
Moldova,MDA,2012,4731054.5
Moldova,MDA,2013,7374425.5
Moldova,MDA,2014,2159684
Moldova,MDA,2015,2557900
Moldova,MDA,2016,2239810
Moldova,MDA,2017,1041696.56
Moldova,MDA,2018,1253871.4
Moldova,MDA,2019,325242.66
Moldova,MDA,2020,1119639
Mongolia,MNG,2011,1717784
Mongolia,MNG,2012,2398494
Mongolia,MNG,2013,1090179
Mongolia,MNG,2014,1892508
Mongolia,MNG,2015,536852
Mongolia,MNG,2016,245444
Mongolia,MNG,2017,118648.98
Mongolia,MNG,2018,497139.72
Mongolia,MNG,2019,640315.75
Mongolia,MNG,2020,119617
Montenegro,MNE,2011,126665
Montenegro,MNE,2012,277733
Montenegro,MNE,2013,427015
Montenegro,MNE,2014,694180
Montenegro,MNE,2015,1450920
Montenegro,MNE,2016,1125050
Montenegro,MNE,2017,1199582.6
Montenegro,MNE,2018,1749905
Montenegro,MNE,2019,782817.2
Montenegro,MNE,2020,905564
Montserrat,MSR,2011,423715
Montserrat,MSR,2012,62828
Montserrat,MSR,2016,1071
Montserrat,MSR,2017,9110.79
Montserrat,MSR,2020,157024
Morocco,MAR,2011,1867030
Morocco,MAR,2012,571393
Morocco,MAR,2013,738233
Morocco,MAR,2014,82056
Morocco,MAR,2015,1541628
Morocco,MAR,2016,1751144.2
Morocco,MAR,2017,3687644
Morocco,MAR,2018,1913328.1
Morocco,MAR,2019,1825931.4
Morocco,MAR,2020,399753
Mozambique,MOZ,2011,10423462
Mozambique,MOZ,2012,5339464
Mozambique,MOZ,2013,27019558
Mozambique,MOZ,2014,12514444
Mozambique,MOZ,2015,9491211
Mozambique,MOZ,2016,11957347
Mozambique,MOZ,2017,25468892
Mozambique,MOZ,2018,31760116
Mozambique,MOZ,2019,12781422
Mozambique,MOZ,2020,15289443
Myanmar,MMR,2011,382516
Myanmar,MMR,2012,355774
Myanmar,MMR,2013,24313096
Myanmar,MMR,2014,10540860
Myanmar,MMR,2015,4544610
Myanmar,MMR,2016,4976915
Myanmar,MMR,2017,3215422.2
Myanmar,MMR,2018,2606247.2
Myanmar,MMR,2019,3200432
Myanmar,MMR,2020,1688885
Namibia,NAM,2011,1218820
Namibia,NAM,2012,398326
Namibia,NAM,2013,2080544
Namibia,NAM,2014,1707382
Namibia,NAM,2015,521311
Namibia,NAM,2016,1279608
Namibia,NAM,2017,334746.56
Namibia,NAM,2018,298299.47
Namibia,NAM,2019,152457.66
Namibia,NAM,2020,151824
Nauru,NRU,2011,150971
Nauru,NRU,2012,195049
Nauru,NRU,2013,201663
Nauru,NRU,2014,31495
Nauru,NRU,2015,187378
Nauru,NRU,2016,81420
Nauru,NRU,2017,97368.82
Nauru,NRU,2018,101380.84
Nauru,NRU,2019,215812.38
Nauru,NRU,2020,85980
Nepal,NPL,2011,1951025
Nepal,NPL,2012,519559
Nepal,NPL,2013,1795349
Nepal,NPL,2014,1756007.4
Nepal,NPL,2015,2838956
Nepal,NPL,2016,5207231
Nepal,NPL,2017,2643306
Nepal,NPL,2018,9348194
Nepal,NPL,2019,13296767
Nepal,NPL,2020,10456952
New Zealand,NZL,2018,47667.41
Nicaragua,NIC,2011,3046684
Nicaragua,NIC,2012,704957
Nicaragua,NIC,2013,48459
Nicaragua,NIC,2014,59273.05
Nicaragua,NIC,2015,1132205
Nicaragua,NIC,2016,385681
Nicaragua,NIC,2017,2055527
Nicaragua,NIC,2018,354015.44
Nicaragua,NIC,2019,1432404.6
Nicaragua,NIC,2020,1361054
Niger,NER,2011,2345757
Niger,NER,2012,12217032
Niger,NER,2013,4971949
Niger,NER,2014,2123026
Niger,NER,2015,3270244
Niger,NER,2016,2150699
Niger,NER,2017,1885881.5
Niger,NER,2018,2447245
Niger,NER,2019,6148268.5
Niger,NER,2020,3306124
Nigeria,NGA,2011,6957815
Nigeria,NGA,2012,2406463
Nigeria,NGA,2013,5228110
Nigeria,NGA,2014,4080727
Nigeria,NGA,2015,11640657
Nigeria,NGA,2016,26936256
Nigeria,NGA,2017,5944629
Nigeria,NGA,2018,12831192
Nigeria,NGA,2019,18504940
Nigeria,NGA,2020,6231539
Niue,NIU,2011,150971
Niue,NIU,2012,195049
Niue,NIU,2013,201663
Niue,NIU,2014,31495
Niue,NIU,2015,187378
Niue,NIU,2016,81420
Niue,NIU,2017,87527.71
Niue,NIU,2018,16047.4
Niue,NIU,2019,87817
North Korea,PRK,2011,267025
North Korea,PRK,2012,68189
North Korea,PRK,2013,19250
North Korea,PRK,2014,28474
North Korea,PRK,2015,396962
North Korea,PRK,2016,99621
North Korea,PRK,2017,396814
North Korea,PRK,2018,561019
North Korea,PRK,2019,270342
North Korea,PRK,2020,111590
North Macedonia,MKD,2011,1694131
North Macedonia,MKD,2012,1676152
North Macedonia,MKD,2013,771004
North Macedonia,MKD,2014,464635
North Macedonia,MKD,2015,1259372
North Macedonia,MKD,2016,1068429
North Macedonia,MKD,2017,170898.62
North Macedonia,MKD,2018,2110847
North Macedonia,MKD,2019,1698091.4
North Macedonia,MKD,2020,2194937
Northern Africa (UN),,2011,7533433
Northern Africa (UN),,2012,7658273
Northern Africa (UN),,2013,7702215
Northern Africa (UN),,2014,9629779
Northern Africa (UN),,2015,5447355.5
Northern Africa (UN),,2016,17348698
Northern Africa (UN),,2017,10682901
Northern Africa (UN),,2018,4732834.5
Northern Africa (UN),,2019,5579682.5
Northern Africa (UN),,2020,2366027
Northern Africa and Western Asia (UN),,2011,52252530
Northern Africa and Western Asia (UN),,2012,48402692
Northern Africa and Western Asia (UN),,2013,62797864
Northern Africa and Western Asia (UN),,2014,51903936
Northern Africa and Western Asia (UN),,2015,36780804
Northern Africa and Western Asia (UN),,2016,41463160
Northern Africa and Western Asia (UN),,2017,29702566
Northern Africa and Western Asia (UN),,2018,33380462
Northern Africa and Western Asia (UN),,2019,34815370
Northern Africa and Western Asia (UN),,2020,21873872
Northern America (UN),,2017,61132.62
Northern America (UN),,2018,37268.2
Northern America (UN),,2019,22630.89
Northern America (UN),,2020,13301
Oceania (UN),,2011,4856200
Oceania (UN),,2012,4331653
Oceania (UN),,2013,10501464
Oceania (UN),,2014,4801424
Oceania (UN),,2015,7159648
Oceania (UN),,2016,13699375
Oceania (UN),,2017,7835512
Oceania (UN),,2018,8618920
Oceania (UN),,2019,9290150
Oceania (UN),,2020,7841810
Oman,OMN,2017,28555.43
Pakistan,PAK,2011,6177411
Pakistan,PAK,2012,38608612
Pakistan,PAK,2013,5108209
Pakistan,PAK,2014,27118310
Pakistan,PAK,2015,4314690
Pakistan,PAK,2016,16814676
Pakistan,PAK,2017,8415408
Pakistan,PAK,2018,9985717
Pakistan,PAK,2019,4911052
Pakistan,PAK,2020,1179362
Palau,PLW,2011,150971
Palau,PLW,2012,338890
Palau,PLW,2013,216155
Palau,PLW,2014,79491
Palau,PLW,2015,227351
Palau,PLW,2016,407079
Palau,PLW,2017,324240
Palau,PLW,2018,777767
Palau,PLW,2019,1106021.6
Palau,PLW,2020,58270
Palestine,PSE,2011,2009010
Palestine,PSE,2012,2841455
Palestine,PSE,2013,1737417
Palestine,PSE,2014,3433865
Palestine,PSE,2015,2071080
Palestine,PSE,2016,2559857
Palestine,PSE,2017,4879445.5
Palestine,PSE,2018,1949453.9
Palestine,PSE,2019,2586515
Palestine,PSE,2020,1366912
Panama,PAN,2011,200701
Panama,PAN,2012,107703
Panama,PAN,2013,136768
Panama,PAN,2014,23717
Panama,PAN,2015,192305
Panama,PAN,2016,102435
Panama,PAN,2017,124075.68
Panama,PAN,2018,206978.06
Panama,PAN,2019,335040.2
Panama,PAN,2020,272157
Papua New Guinea,PNG,2011,886904
Papua New Guinea,PNG,2012,373538
Papua New Guinea,PNG,2013,4312273
Papua New Guinea,PNG,2014,567371
Papua New Guinea,PNG,2015,2030964
Papua New Guinea,PNG,2016,254151
Papua New Guinea,PNG,2017,1287437.4
Papua New Guinea,PNG,2018,442787.8
Papua New Guinea,PNG,2019,812289
Papua New Guinea,PNG,2020,252373
Paraguay,PRY,2011,3699478
Paraguay,PRY,2012,10805135
Paraguay,PRY,2013,1619074
Paraguay,PRY,2014,96988
Paraguay,PRY,2015,503278
Paraguay,PRY,2016,647802
Paraguay,PRY,2017,404846.8
Paraguay,PRY,2018,253028.44
Paraguay,PRY,2019,2781566.2
Paraguay,PRY,2020,82406
Peru,PER,2011,1458592
Peru,PER,2012,433412
Peru,PER,2013,428387
Peru,PER,2014,693998
Peru,PER,2015,1435268
Peru,PER,2016,2723824
Peru,PER,2017,3127109.5
Peru,PER,2018,3068740.2
Peru,PER,2019,5364813.5
Peru,PER,2020,6974316
Philippines,PHL,2011,317262
Philippines,PHL,2012,938863
Philippines,PHL,2013,2078737
Philippines,PHL,2014,11988625
Philippines,PHL,2015,22686778
Philippines,PHL,2016,2617450
Philippines,PHL,2017,2465458.8
Philippines,PHL,2018,667260
Philippines,PHL,2019,1742688.9
Philippines,PHL,2020,215290
Qatar,QAT,2017,56736.16
Qatar,QAT,2018,98131.2
Qatar,QAT,2019,27673.56
Rwanda,RWA,2011,7956736
Rwanda,RWA,2012,10418880
Rwanda,RWA,2013,5102809
Rwanda,RWA,2014,408926
Rwanda,RWA,2015,5094083
Rwanda,RWA,2016,6574017
Rwanda,RWA,2017,8400241
Rwanda,RWA,2018,7426904
Rwanda,RWA,2019,5200425.5
Rwanda,RWA,2020,520447
Saint Helena,SHN,2013,10893
Saint Kitts and Nevis,KNA,2011,53992
Saint Kitts and Nevis,KNA,2017,75725.05
Saint Kitts and Nevis,KNA,2018,22927.46
Saint Kitts and Nevis,KNA,2019,49883.11
Saint Kitts and Nevis,KNA,2020,83622
Saint Lucia,LCA,2011,53992
Saint Lucia,LCA,2014,38430
Saint Lucia,LCA,2015,198834
Saint Lucia,LCA,2016,6424
Saint Lucia,LCA,2017,395132.5
Saint Lucia,LCA,2018,54745.04
Saint Lucia,LCA,2019,32402.8
Saint Lucia,LCA,2020,189991
Saint Vincent and the Grenadines,VCT,2011,100164
Saint Vincent and the Grenadines,VCT,2012,60466
Saint Vincent and the Grenadines,VCT,2013,6221
Saint Vincent and the Grenadines,VCT,2017,62816.13
Saint Vincent and the Grenadines,VCT,2018,43134.14
Saint Vincent and the Grenadines,VCT,2019,66001.79
Saint Vincent and the Grenadines,VCT,2020,228264
Samoa,WSM,2011,196846
Samoa,WSM,2012,502931
Samoa,WSM,2013,600564
Samoa,WSM,2014,90426
Samoa,WSM,2015,187909
Samoa,WSM,2016,127266
Samoa,WSM,2017,129719.18
Samoa,WSM,2018,120544.59
Samoa,WSM,2019,315600.62
Samoa,WSM,2020,69937
San Marino,SMR,2018,29266.17
San Marino,SMR,2019,26788.76
Sao Tome and Principe,STP,2011,267213
Sao Tome and Principe,STP,2012,104400
Sao Tome and Principe,STP,2013,1055835
Sao Tome and Principe,STP,2014,569886
Sao Tome and Principe,STP,2015,92260
Sao Tome and Principe,STP,2016,115822
Sao Tome and Principe,STP,2017,543956.4
Sao Tome and Principe,STP,2018,745055.25
Sao Tome and Principe,STP,2019,1315854.6
Sao Tome and Principe,STP,2020,763929
Saudi Arabia,SAU,2017,94622.37
Saudi Arabia,SAU,2018,62021.27
Saudi Arabia,SAU,2019,113550.09
Senegal,SEN,2011,3957400
Senegal,SEN,2012,1429592
Senegal,SEN,2013,1714776.5
Senegal,SEN,2014,6524670.5
Senegal,SEN,2015,3131583.2
Senegal,SEN,2016,3745901
Senegal,SEN,2017,3005076
Senegal,SEN,2018,3081572.8
Senegal,SEN,2019,1385601.2
Senegal,SEN,2020,1127467
Serbia,SRB,2011,18809758
Serbia,SRB,2012,16933284
Serbia,SRB,2013,6604377
Serbia,SRB,2014,1900754
Serbia,SRB,2015,3326005
Serbia,SRB,2016,5306121
Serbia,SRB,2017,1771156.6
Serbia,SRB,2018,6653543.5
Serbia,SRB,2019,2388991.8
Serbia,SRB,2020,17214832
Seychelles,SYC,2012,403944
Seychelles,SYC,2013,45300
Seychelles,SYC,2017,85925.23
Seychelles,SYC,2018,40778.29
Seychelles,SYC,2019,58710.62
Seychelles,SYC,2020,83786
Sierra Leone,SLE,2011,430664
Sierra Leone,SLE,2012,678362
Sierra Leone,SLE,2013,3600942.8
Sierra Leone,SLE,2014,340527
Sierra Leone,SLE,2015,4686581.5
Sierra Leone,SLE,2016,2959689
Sierra Leone,SLE,2017,2334702.5
Sierra Leone,SLE,2018,3396091
Sierra Leone,SLE,2019,4068244.5
Sierra Leone,SLE,2020,8560755
Singapore,SGP,2018,20843.78
Sint Maarten (Dutch part),SXM,2019,10527.24
Sint Maarten (Dutch part),SXM,2020,29359
Slovenia,SVN,2019,8464.75
Small Island Developing States (SIDS),,2011,14542348
Small Island Developing States (SIDS),,2012,11336675
Small Island Developing States (SIDS),,2013,23213430
Small Island Developing States (SIDS),,2014,10743398
Small Island Developing States (SIDS),,2015,11707789
Small Island Developing States (SIDS),,2016,25479616
Small Island Developing States (SIDS),,2017,24185520
Small Island Developing States (SIDS),,2018,33737990
Small Island Developing States (SIDS),,2019,28310166
Small Island Developing States (SIDS),,2020,21913848
Solomon Islands,SLB,2011,165361
Solomon Islands,SLB,2012,384493
Solomon Islands,SLB,2013,1325398
Solomon Islands,SLB,2014,867094
Solomon Islands,SLB,2015,1765244
Solomon Islands,SLB,2016,1163112.6
Solomon Islands,SLB,2017,995128.25
Solomon Islands,SLB,2018,129077.21
Solomon Islands,SLB,2019,56698
Solomon Islands,SLB,2020,46507
Somalia,SOM,2011,893753
Somalia,SOM,2012,148209
Somalia,SOM,2013,3229665
Somalia,SOM,2014,1439944
Somalia,SOM,2015,2345229
Somalia,SOM,2016,3671531
Somalia,SOM,2017,5944893.5
Somalia,SOM,2018,5099779
Somalia,SOM,2019,8607968
Somalia,SOM,2020,4529914
South Africa,ZAF,2011,353564
South Africa,ZAF,2012,23975762
South Africa,ZAF,2013,11860712
South Africa,ZAF,2014,745197
South Africa,ZAF,2015,991743
South Africa,ZAF,2016,231610
South Africa,ZAF,2017,2024540.1
South Africa,ZAF,2018,1886822.6
South Africa,ZAF,2019,2661270.8
South Africa,ZAF,2020,1957956
South Sudan,SSD,2011,1863032
South Sudan,SSD,2012,10074352
South Sudan,SSD,2013,7267693
South Sudan,SSD,2014,11073759
South Sudan,SSD,2015,3662287.2
South Sudan,SSD,2016,4270365.5
South Sudan,SSD,2017,2166451
South Sudan,SSD,2018,1304743.1
South Sudan,SSD,2019,1982583.1
South Sudan,SSD,2020,221631
Sri Lanka,LKA,2011,2394491
Sri Lanka,LKA,2012,2245506
Sri Lanka,LKA,2013,691821.7
Sri Lanka,LKA,2014,478841
Sri Lanka,LKA,2015,760188
Sri Lanka,LKA,2016,1791267
Sri Lanka,LKA,2017,972204.25
Sri Lanka,LKA,2018,266165.12
Sri Lanka,LKA,2019,749837.5
Sri Lanka,LKA,2020,446189
Sub-Saharan Africa (UN),,2011,106836640
Sub-Saharan Africa (UN),,2012,142688160
Sub-Saharan Africa (UN),,2013,165377620
Sub-Saharan Africa (UN),,2014,139178880
Sub-Saharan Africa (UN),,2015,133725300
Sub-Saharan Africa (UN),,2016,183992430
Sub-Saharan Africa (UN),,2017,178084690
Sub-Saharan Africa (UN),,2018,276236060
Sub-Saharan Africa (UN),,2019,210598820
Sub-Saharan Africa (UN),,2020,215902370
Sudan,SDN,2011,619892
Sudan,SDN,2012,241913
Sudan,SDN,2013,1877220
Sudan,SDN,2014,1652477
Sudan,SDN,2015,1468174
Sudan,SDN,2016,2110705
Sudan,SDN,2017,604826.4
Sudan,SDN,2018,651307
Sudan,SDN,2019,453662.47
Sudan,SDN,2020,1091700
Suriname,SUR,2011,29350
Suriname,SUR,2012,2713901
Suriname,SUR,2013,490662
Suriname,SUR,2014,264695
Suriname,SUR,2015,59993
Suriname,SUR,2016,850267
Suriname,SUR,2017,56949.54
Suriname,SUR,2018,39035.81
Suriname,SUR,2019,125574.94
Suriname,SUR,2020,107357
Syria,SYR,2011,95182
Syria,SYR,2012,106904
Syria,SYR,2013,1600
Syria,SYR,2014,9592
Syria,SYR,2015,29545
Syria,SYR,2016,213812
Syria,SYR,2017,127747
Syria,SYR,2018,15067
Syria,SYR,2019,15775
Syria,SYR,2020,71180
Tajikistan,TJK,2011,3145097
Tajikistan,TJK,2012,2451859.5
Tajikistan,TJK,2013,5045208.5
Tajikistan,TJK,2014,5408171.5
Tajikistan,TJK,2015,1784863
Tajikistan,TJK,2016,1665350
Tajikistan,TJK,2017,2243373.8
Tajikistan,TJK,2018,2621617.8
Tajikistan,TJK,2019,593206.8
Tajikistan,TJK,2020,690718
Tanzania,TZA,2011,16839074
Tanzania,TZA,2012,9952059
Tanzania,TZA,2013,8838847
Tanzania,TZA,2014,8643550
Tanzania,TZA,2015,17047974
Tanzania,TZA,2016,7173355.5
Tanzania,TZA,2017,15866136
Tanzania,TZA,2018,21663380
Tanzania,TZA,2019,13444591
Tanzania,TZA,2020,15283450
Thailand,THA,2011,177124
Thailand,THA,2012,136250
Thailand,THA,2013,16671
Thailand,THA,2014,29589
Thailand,THA,2015,740368
Thailand,THA,2016,169809
Thailand,THA,2017,715786.94
Thailand,THA,2018,317181
Thailand,THA,2019,220293.97
Thailand,THA,2020,129553
Togo,TGO,2011,287024
Togo,TGO,2012,272660
Togo,TGO,2013,409108
Togo,TGO,2014,808350
Togo,TGO,2015,1234433.1
Togo,TGO,2016,1291393
Togo,TGO,2017,4146221.8
Togo,TGO,2018,674179.2
Togo,TGO,2019,588586.7
Togo,TGO,2020,2680552
Tokelau,TKL,2013,2106
Tokelau,TKL,2017,4359
Tonga,TON,2011,427900
Tonga,TON,2012,195049
Tonga,TON,2013,228676
Tonga,TON,2014,47646
Tonga,TON,2015,203348
Tonga,TON,2016,81420
Tonga,TON,2017,81463.42
Tonga,TON,2018,91369.92
Tonga,TON,2019,266134.34
Tonga,TON,2020,316048
Trinidad and Tobago,TTO,2016,53934.09
Trinidad and Tobago,TTO,2017,39547.12
Trinidad and Tobago,TTO,2018,54017.22
Trinidad and Tobago,TTO,2019,74393.57
Trinidad and Tobago,TTO,2020,8419
Tunisia,TUN,2011,324773
Tunisia,TUN,2012,431645
Tunisia,TUN,2013,1344530
Tunisia,TUN,2014,249503
Tunisia,TUN,2015,372816
Tunisia,TUN,2016,1105689.8
Tunisia,TUN,2017,873246.8
Tunisia,TUN,2018,437427.5
Tunisia,TUN,2019,296614.25
Tunisia,TUN,2020,543476
Turkey,TUR,2011,33582190
Turkey,TUR,2012,32055712
Turkey,TUR,2013,29770712
Turkey,TUR,2014,27040038
Turkey,TUR,2015,13736877
Turkey,TUR,2016,7782490
Turkey,TUR,2017,23088.8
Turkey,TUR,2018,15044021
Turkey,TUR,2019,9730789
Turkey,TUR,2020,6933626
Turkmenistan,TKM,2011,382399
Turkmenistan,TKM,2012,169469
Turkmenistan,TKM,2014,81570
Turkmenistan,TKM,2015,271529
Turkmenistan,TKM,2016,78980
Turkmenistan,TKM,2017,125201.72
Turkmenistan,TKM,2018,253328
Turkmenistan,TKM,2019,200876
Turkmenistan,TKM,2020,281673
Turks and Caicos Islands,TCA,2012,87220.84
Turks and Caicos Islands,TCA,2017,45403.45
Turks and Caicos Islands,TCA,2018,15834.7
Turks and Caicos Islands,TCA,2019,10557.04
Tuvalu,TUV,2011,150971
Tuvalu,TUV,2012,195049
Tuvalu,TUV,2013,258260
Tuvalu,TUV,2014,31495
Tuvalu,TUV,2015,230496
Tuvalu,TUV,2016,91491
Tuvalu,TUV,2017,119783.49
Tuvalu,TUV,2018,121409.74
Tuvalu,TUV,2019,144207.84
Tuvalu,TUV,2020,40329
Uganda,UGA,2011,7997037
Uganda,UGA,2012,3167775
Uganda,UGA,2013,1677507.8
Uganda,UGA,2014,3435862
Uganda,UGA,2015,5093340
Uganda,UGA,2016,9567210
Uganda,UGA,2017,7537812
Uganda,UGA,2018,5733795
Uganda,UGA,2019,2227786.5
Uganda,UGA,2020,1228289
Ukraine,UKR,2011,5754621
Ukraine,UKR,2012,1704727
Ukraine,UKR,2013,11251306
Ukraine,UKR,2014,6423484
Ukraine,UKR,2015,76066
Ukraine,UKR,2016,676162
Ukraine,UKR,2017,1248926.1
Ukraine,UKR,2018,1310304.9
Ukraine,UKR,2019,1237772.5
Ukraine,UKR,2020,244248
United Arab Emirates,ARE,2017,84908.47
United Arab Emirates,ARE,2018,99409.43
United Arab Emirates,ARE,2019,19451.34
United Arab Emirates,ARE,2020,10469
Uruguay,URY,2011,459956
Uruguay,URY,2012,202587
Uruguay,URY,2013,260508.84
Uruguay,URY,2014,234158.56
Uruguay,URY,2015,244042
Uruguay,URY,2016,191863
Uruguay,URY,2017,220011.27
Uruguay,URY,2019,98014.09
Uzbekistan,UZB,2011,712386
Uzbekistan,UZB,2012,224843
Uzbekistan,UZB,2013,164396.11
Uzbekistan,UZB,2014,134256.77
Uzbekistan,UZB,2015,144230
Uzbekistan,UZB,2016,5081653
Uzbekistan,UZB,2017,5589302
Uzbekistan,UZB,2018,502193.56
Uzbekistan,UZB,2019,669133.44
Uzbekistan,UZB,2020,1347320
Vanuatu,VUT,2011,162844
Vanuatu,VUT,2012,272688
Vanuatu,VUT,2013,310342
Vanuatu,VUT,2014,466086
Vanuatu,VUT,2015,278187
Vanuatu,VUT,2016,128605
Vanuatu,VUT,2017,65172.79
Vanuatu,VUT,2018,77215.84
Vanuatu,VUT,2019,73462.98
Vanuatu,VUT,2020,14774
Venezuela,VEN,2011,501775
Venezuela,VEN,2012,11063
Venezuela,VEN,2013,59319
Venezuela,VEN,2014,138443
Venezuela,VEN,2015,1941962
Venezuela,VEN,2016,70948
Venezuela,VEN,2017,158376
Venezuela,VEN,2018,295585
Venezuela,VEN,2019,237625
Venezuela,VEN,2020,1992458
Vietnam,VNM,2011,1490469
Vietnam,VNM,2012,825792
Vietnam,VNM,2013,1162522
Vietnam,VNM,2014,2611823
Vietnam,VNM,2015,1752533
Vietnam,VNM,2016,9313578
Vietnam,VNM,2017,8971520
Vietnam,VNM,2018,6465221.5
Vietnam,VNM,2019,10908823
Vietnam,VNM,2020,16403572
Wallis and Futuna,WLF,2011,447502
Wallis and Futuna,WLF,2012,80178
Wallis and Futuna,WLF,2013,1171933
Wallis and Futuna,WLF,2014,970990
Wallis and Futuna,WLF,2016,8477762
Wallis and Futuna,WLF,2017,3229
Wallis and Futuna,WLF,2018,191701
Wallis and Futuna,WLF,2019,550885
Wallis and Futuna,WLF,2020,560576
World,OWID_WRL,2011,406527230
World,OWID_WRL,2012,468091460
World,OWID_WRL,2013,575285950
World,OWID_WRL,2014,450430200
World,OWID_WRL,2015,452932770
World,OWID_WRL,2016,513047420
World,OWID_WRL,2017,506263330
World,OWID_WRL,2018,678921000
World,OWID_WRL,2019,641748350
World,OWID_WRL,2020,541378700
Yemen,YEM,2011,1384530
Yemen,YEM,2012,1933515
Yemen,YEM,2013,6812913.5
Yemen,YEM,2014,3062383.2
Yemen,YEM,2015,1574339
Yemen,YEM,2016,2626040
Yemen,YEM,2017,3749519
Yemen,YEM,2018,602228
Yemen,YEM,2019,2559929
Yemen,YEM,2020,3276358
Zambia,ZMB,2011,3536358
Zambia,ZMB,2012,3145550
Zambia,ZMB,2013,1858791
Zambia,ZMB,2014,3262731
Zambia,ZMB,2015,3585123
Zambia,ZMB,2016,2085652
Zambia,ZMB,2017,1370831.2
Zambia,ZMB,2018,8496837
Zambia,ZMB,2019,7161686.5
Zambia,ZMB,2020,2612830
Zimbabwe,ZWE,2011,1458996
Zimbabwe,ZWE,2012,7492507
Zimbabwe,ZWE,2013,7608152
Zimbabwe,ZWE,2014,7507095.5
Zimbabwe,ZWE,2015,4516448
Zimbabwe,ZWE,2016,2267585
Zimbabwe,ZWE,2017,2656632.5
Zimbabwe,ZWE,2018,2166229.2
Zimbabwe,ZWE,2019,478564.2
Zimbabwe,ZWE,2020,1081776